wave,wave_error,dppm,dppm_err,order
0.60107, 0.00020, 14352.60, 1278.70, 2
0.60147, 0.00020, 12504.50, 1334.60, 2
0.60187, 0.00020, 16063.00, 1142.50, 2
0.60227, 0.00020, 13263.90, 1094.80, 2
0.60267, 0.00020, 14852.40, 1139.60, 2
0.60307, 0.00020, 15529.50, 1159.40, 2
0.60347, 0.00020, 14339.00, 1164.00, 2
0.60387, 0.00020, 14619.50, 1095.90, 2
0.60427, 0.00020, 13212.40, 1270.60, 2
0.60467, 0.00020, 13881.70, 1057.40, 2
0.60517, 0.00025, 15013.20, 947.40, 2
0.60557, 0.00020, 13992.90, 1155.90, 2
0.60597, 0.00020, 15810.50, 1066.90, 2
0.60637, 0.00020, 14518.90, 986.90, 2
0.60677, 0.00020, 15724.80, 1090.10, 2
0.60717, 0.00020, 15564.50, 953.50, 2
0.60757, 0.00020, 13542.10, 1047.60, 2
0.60797, 0.00020, 14348.70, 1044.80, 2
0.60837, 0.00020, 13647.60, 1262.30, 2
0.60887, 0.00025, 14704.70, 965.20, 2
0.60927, 0.00020, 14938.30, 2346.00, 2
0.60967, 0.00020, 14061.00, 1050.30, 2
0.61007, 0.00020, 15452.40, 979.00, 2
0.61087, 0.00040, 15387.70, 1053.30, 2
0.61127, 0.00020, 16193.50, 1063.00, 2
0.61167, 0.00020, 14077.70, 1006.60, 2
0.61217, 0.00025, 15194.50, 957.50, 2
0.61257, 0.00020, 13791.50, 1060.10, 2
0.61297, 0.00020, 14139.90, 1133.20, 2
0.61337, 0.00020, 14286.80, 974.00, 2
0.61377, 0.00020, 14842.40, 969.10, 2
0.61417, 0.00020, 15217.60, 979.50, 2
0.61457, 0.00020, 14828.50, 942.00, 2
0.61497, 0.00020, 15099.10, 946.60, 2
0.61547, 0.00025, 14140.00, 1007.10, 2
0.61587, 0.00020, 14657.10, 873.30, 2
0.61627, 0.00020, 14490.80, 811.70, 2
0.61667, 0.00020, 13274.60, 946.30, 2
0.61707, 0.00020, 13611.90, 1485.60, 2
0.61747, 0.00020, 14760.60, 933.40, 2
0.61787, 0.00020, 14021.60, 874.00, 2
0.61837, 0.00025, 14901.30, 854.20, 2
0.61877, 0.00020, 15044.60, 825.30, 2
0.61917, 0.00020, 14740.20, 868.70, 2
0.61957, 0.00020, 14905.50, 876.90, 2
0.61997, 0.00020, 13196.80, 865.30, 2
0.62037, 0.00020, 13241.20, 986.90, 2
0.62087, 0.00025, 14894.50, 658.90, 2
0.62127, 0.00020, 14048.40, 1006.90, 2
0.62167, 0.00020, 13851.40, 814.50, 2
0.62207, 0.00020, 15135.50, 815.80, 2
0.62247, 0.00020, 13775.90, 892.40, 2
0.62287, 0.00020, 14255.70, 954.20, 2
0.62327, 0.00020, 14011.90, 841.50, 2
0.62377, 0.00025, 14229.10, 912.50, 2
0.62417, 0.00020, 14132.70, 845.50, 2
0.62457, 0.00020, 14582.70, 915.00, 2
0.62497, 0.00020, 14346.90, 916.10, 2
0.62537, 0.00020, 13907.90, 711.90, 2
0.62587, 0.00025, 14089.70, 760.80, 2
0.62627, 0.00020, 13673.60, 809.70, 2
0.62667, 0.00020, 14322.50, 726.40, 2
0.62707, 0.00020, 14584.20, 845.00, 2
0.62747, 0.00020, 15283.20, 805.40, 2
0.62787, 0.00020, 14083.70, 718.50, 2
0.62837, 0.00025, 14277.20, 758.70, 2
0.62877, 0.00020, 14780.90, 719.80, 2
0.62957, 0.00040, 14221.60, 631.30, 2
0.62997, 0.00020, 13096.30, 768.20, 2
0.63037, 0.00020, 14707.70, 754.90, 2
0.63087, 0.00025, 13900.80, 737.80, 2
0.63127, 0.00020, 13447.00, 852.60, 2
0.63167, 0.00020, 14189.60, 930.50, 2
0.63207, 0.00020, 14551.00, 715.50, 2
0.63247, 0.00020, 14097.40, 743.60, 2
0.63297, 0.00025, 14125.10, 666.40, 2
0.63338, 0.00021, 14378.50, 743.90, 2
0.63378, 0.00020, 14289.10, 722.30, 2
0.63418, 0.00020, 14794.30, 772.40, 2
0.63458, 0.00020, 13808.90, 680.40, 2
0.63508, 0.00025, 14753.00, 726.90, 2
0.63548, 0.00020, 15525.50, 788.40, 2
0.63588, 0.00020, 14402.00, 617.90, 2
0.63628, 0.00020, 13511.90, 727.80, 2
0.63668, 0.00020, 13550.60, 704.10, 2
0.63718, 0.00025, 13885.20, 723.80, 2
0.63758, 0.00020, 14309.20, 650.00, 2
0.63798, 0.00020, 14261.10, 747.00, 2
0.63838, 0.00020, 13463.80, 691.20, 2
0.63888, 0.00025, 13465.00, 756.30, 2
0.63928, 0.00020, 14072.80, 698.20, 2
0.63968, 0.00020, 14150.60, 699.60, 2
0.64008, 0.00020, 13804.10, 752.10, 2
0.64048, 0.00020, 14300.10, 854.10, 2
0.64098, 0.00025, 14381.70, 684.10, 2
0.64138, 0.00020, 14407.40, 605.70, 2
0.64178, 0.00020, 15299.20, 661.20, 2
0.64218, 0.00020, 15414.50, 828.70, 2
0.64258, 0.00020, 14903.90, 714.10, 2
0.64308, 0.00025, 14275.60, 674.30, 2
0.64348, 0.00020, 14155.80, 596.90, 2
0.64388, 0.00020, 13846.30, 615.70, 2
0.64428, 0.00020, 13582.90, 758.10, 2
0.64478, 0.00025, 16319.70, 697.00, 2
0.64518, 0.00020, 14201.10, 591.60, 2
0.64558, 0.00020, 14296.60, 667.10, 2
0.64598, 0.00020, 14734.80, 573.00, 2
0.64648, 0.00025, 13938.30, 574.10, 2
0.64688, 0.00020, 14888.10, 649.90, 2
0.64728, 0.00020, 14028.70, 592.40, 2
0.64768, 0.00020, 14250.40, 630.60, 2
0.64818, 0.00025, 14251.70, 594.70, 2
0.64858, 0.00020, 14277.20, 704.30, 2
0.64898, 0.00020, 13176.20, 599.00, 2
0.64938, 0.00020, 14127.30, 554.60, 2
0.64978, 0.00020, 14616.70, 674.60, 2
0.65028, 0.00025, 14269.30, 574.10, 2
0.65068, 0.00020, 15302.30, 604.00, 2
0.65108, 0.00020, 14950.30, 572.20, 2
0.65148, 0.00020, 14924.40, 732.50, 2
0.65198, 0.00025, 14320.70, 636.10, 2
0.65238, 0.00020, 13561.20, 592.80, 2
0.65278, 0.00020, 14152.40, 579.20, 2
0.65328, 0.00025, 14507.20, 578.10, 2
0.65368, 0.00020, 14227.50, 819.70, 2
0.65408, 0.00020, 14113.60, 649.60, 2
0.65448, 0.00020, 14607.70, 628.10, 2
0.65498, 0.00025, 14637.80, 616.50, 2
0.65538, 0.00020, 14690.40, 616.10, 2
0.65578, 0.00020, 14365.20, 559.20, 2
0.65618, 0.00020, 14396.00, 953.80, 2
0.65668, 0.00025, 14902.60, 634.40, 2
0.65708, 0.00020, 13330.50, 561.70, 2
0.65748, 0.00020, 15407.90, 718.00, 2
0.65788, 0.00020, 15041.40, 615.60, 2
0.65838, 0.00025, 13912.30, 504.90, 2
0.65878, 0.00020, 13667.30, 570.50, 2
0.65918, 0.00020, 14649.10, 586.30, 2
0.65958, 0.00020, 15110.40, 663.10, 2
0.66008, 0.00025, 14464.80, 580.80, 2
0.66048, 0.00020, 14028.60, 817.50, 2
0.66088, 0.00020, 14768.40, 562.60, 2
0.66138, 0.00025, 13692.90, 503.40, 2
0.66178, 0.00020, 14189.60, 592.90, 2
0.66218, 0.00020, 14326.10, 546.20, 2
0.66258, 0.00020, 14385.70, 577.90, 2
0.66308, 0.00025, 13995.00, 554.30, 2
0.66348, 0.00020, 14263.90, 588.90, 2
0.66388, 0.00020, 14355.40, 601.70, 2
0.66438, 0.00025, 14003.10, 574.40, 2
0.66478, 0.00020, 13378.50, 575.30, 2
0.66518, 0.00020, 14750.20, 538.60, 2
0.66558, 0.00020, 14954.00, 513.00, 2
0.66608, 0.00025, 14460.60, 702.20, 2
0.66648, 0.00020, 13535.30, 553.60, 2
0.66688, 0.00020, 14636.40, 486.50, 2
0.66738, 0.00025, 14288.60, 604.00, 2
0.66778, 0.00020, 14852.00, 481.20, 2
0.66818, 0.00020, 14035.60, 602.90, 2
0.66868, 0.00025, 15550.40, 521.70, 2
0.66908, 0.00020, 14351.60, 596.00, 2
0.66948, 0.00020, 13778.30, 499.90, 2
0.66988, 0.00020, 14203.60, 611.00, 2
0.67039, 0.00026, 13968.30, 679.10, 2
0.67079, 0.00020, 14866.70, 591.40, 2
0.67119, 0.00020, 15334.30, 586.30, 2
0.67169, 0.00025, 13901.40, 530.50, 2
0.67209, 0.00020, 14806.90, 580.70, 2
0.67249, 0.00020, 14065.00, 538.90, 2
0.67299, 0.00025, 13351.10, 415.40, 2
0.67339, 0.00020, 14389.20, 467.10, 2
0.67379, 0.00020, 14545.90, 518.90, 2
0.67429, 0.00025, 14997.70, 508.10, 2
0.67469, 0.00020, 14115.70, 471.50, 2
0.67509, 0.00020, 14260.60, 584.60, 2
0.67549, 0.00020, 15455.70, 532.70, 2
0.67599, 0.00025, 15071.50, 557.80, 2
0.67639, 0.00020, 14064.90, 544.50, 2
0.67679, 0.00020, 14059.40, 507.10, 2
0.67729, 0.00025, 15057.10, 532.60, 2
0.67769, 0.00020, 14432.80, 492.00, 2
0.67809, 0.00020, 14121.70, 483.70, 2
0.67859, 0.00025, 14223.40, 542.60, 2
0.67899, 0.00020, 15083.90, 591.00, 2
0.67939, 0.00020, 14476.70, 659.00, 2
0.67989, 0.00025, 15064.50, 528.10, 2
0.68029, 0.00020, 14290.60, 497.40, 2
0.68069, 0.00020, 15105.80, 543.10, 2
0.68119, 0.00025, 14430.10, 458.50, 2
0.68159, 0.00020, 14417.90, 576.80, 2
0.68199, 0.00020, 14659.50, 546.60, 2
0.68249, 0.00025, 14665.20, 546.30, 2
0.68289, 0.00020, 14947.70, 521.90, 2
0.68329, 0.00020, 14741.50, 534.10, 2
0.68379, 0.00025, 14688.10, 629.10, 2
0.68419, 0.00020, 14795.10, 973.50, 2
0.68459, 0.00020, 14261.90, 498.60, 2
0.68509, 0.00025, 13806.90, 483.50, 2
0.68549, 0.00020, 14961.40, 518.50, 2
0.68589, 0.00020, 15030.90, 530.80, 2
0.68639, 0.00025, 14869.50, 613.80, 2
0.68679, 0.00020, 14508.70, 498.50, 2
0.68719, 0.00020, 14501.80, 489.80, 2
0.68769, 0.00025, 15099.00, 512.80, 2
0.68809, 0.00020, 14005.50, 605.70, 2
0.68859, 0.00025, 15045.40, 479.90, 2
0.68899, 0.00020, 14782.00, 447.70, 2
0.68939, 0.00020, 14464.60, 433.80, 2
0.68989, 0.00025, 14420.30, 477.00, 2
0.69029, 0.00020, 14817.60, 487.00, 2
0.69069, 0.00020, 14780.10, 528.40, 2
0.69119, 0.00025, 14476.40, 555.90, 2
0.69159, 0.00020, 14913.50, 633.70, 2
0.69199, 0.00020, 14015.70, 484.60, 2
0.69249, 0.00025, 14590.70, 546.80, 2
0.69289, 0.00020, 14311.90, 533.70, 2
0.69329, 0.00020, 15020.90, 510.50, 2
0.69379, 0.00025, 13887.00, 461.60, 2
0.69419, 0.00020, 13903.80, 447.00, 2
0.69469, 0.00025, 14408.80, 524.30, 2
0.69509, 0.00020, 14473.50, 543.20, 2
0.69549, 0.00020, 14465.80, 503.10, 2
0.69599, 0.00025, 14394.80, 662.50, 2
0.69639, 0.00020, 14082.80, 563.20, 2
0.69679, 0.00020, 13868.10, 497.00, 2
0.69729, 0.00025, 15044.70, 533.90, 2
0.69769, 0.00020, 14379.90, 530.60, 2
0.69819, 0.00025, 14448.70, 696.20, 2
0.69859, 0.00020, 14841.10, 513.70, 2
0.69899, 0.00020, 14337.10, 529.20, 2
0.69949, 0.00025, 14177.10, 512.20, 2
0.69989, 0.00020, 13984.30, 543.20, 2
0.70029, 0.00020, 13968.50, 512.70, 2
0.70079, 0.00025, 13795.50, 435.70, 2
0.70119, 0.00020, 14759.60, 539.90, 2
0.70169, 0.00025, 13817.10, 552.10, 2
0.70209, 0.00020, 14393.40, 435.60, 2
0.70249, 0.00020, 15315.60, 480.50, 2
0.70299, 0.00025, 14910.60, 1071.30, 2
0.70339, 0.00020, 14393.70, 509.00, 2
0.70389, 0.00025, 14829.30, 533.00, 2
0.70429, 0.00020, 13852.30, 482.90, 2
0.70469, 0.00020, 14570.70, 476.00, 2
0.70519, 0.00025, 13888.10, 505.00, 2
0.70559, 0.00020, 14382.40, 578.20, 2
0.70599, 0.00020, 14210.50, 579.80, 2
0.70649, 0.00025, 14155.40, 496.10, 2
0.70689, 0.00020, 14369.30, 488.00, 2
0.70740, 0.00026, 14462.60, 508.80, 2
0.70780, 0.00020, 13590.60, 456.50, 2
0.70820, 0.00020, 14297.50, 467.60, 2
0.70870, 0.00025, 14275.50, 438.50, 2
0.70910, 0.00020, 13985.80, 488.10, 2
0.70960, 0.00025, 14596.30, 471.50, 2
0.71000, 0.00020, 15128.50, 499.20, 2
0.71050, 0.00025, 15075.90, 574.30, 2
0.71090, 0.00020, 14705.20, 559.50, 2
0.71130, 0.00020, 14339.80, 573.90, 2
0.71180, 0.00025, 14292.30, 435.60, 2
0.71220, 0.00020, 14550.30, 511.70, 2
0.71270, 0.00025, 14123.30, 513.50, 2
0.71310, 0.00020, 14493.90, 548.30, 2
0.71350, 0.00020, 14817.40, 559.10, 2
0.71400, 0.00025, 14387.20, 461.30, 2
0.71440, 0.00020, 14641.30, 467.30, 2
0.71490, 0.00025, 14392.80, 425.50, 2
0.71530, 0.00020, 14398.50, 523.70, 2
0.71570, 0.00020, 14915.80, 489.60, 2
0.71620, 0.00025, 14506.80, 471.40, 2
0.71660, 0.00020, 15258.40, 711.60, 2
0.71710, 0.00025, 14385.80, 470.00, 2
0.71750, 0.00020, 14008.80, 480.30, 2
0.71800, 0.00025, 14055.00, 464.30, 2
0.71840, 0.00020, 14926.80, 446.00, 2
0.71880, 0.00020, 15038.20, 508.50, 2
0.71930, 0.00025, 15110.50, 490.60, 2
0.71970, 0.00020, 14933.80, 617.00, 2
0.72020, 0.00025, 14393.70, 509.20, 2
0.72060, 0.00020, 14176.40, 502.20, 2
0.72110, 0.00025, 13953.90, 572.90, 2
0.72150, 0.00020, 14761.80, 587.60, 2
0.72190, 0.00020, 14415.80, 556.60, 2
0.72240, 0.00025, 14232.50, 460.00, 2
0.72280, 0.00020, 14316.10, 501.80, 2
0.72330, 0.00025, 14364.50, 476.50, 2
0.72370, 0.00020, 14545.90, 472.00, 2
0.72420, 0.00025, 14421.10, 440.50, 2
0.72460, 0.00020, 14233.20, 477.60, 2
0.72500, 0.00020, 14031.20, 558.50, 2
0.72550, 0.00025, 14374.30, 514.30, 2
0.72590, 0.00020, 13864.50, 467.30, 2
0.72640, 0.00025, 13670.80, 423.70, 2
0.72680, 0.00020, 14222.20, 565.00, 2
0.72730, 0.00025, 14255.10, 472.70, 2
0.72770, 0.00020, 14784.60, 521.00, 2
0.72820, 0.00025, 13917.60, 449.70, 2
0.72860, 0.00020, 14201.20, 458.00, 2
0.72900, 0.00020, 13572.70, 592.60, 2
0.72950, 0.00025, 14179.20, 430.90, 2
0.72990, 0.00020, 15233.80, 435.00, 2
0.73040, 0.00025, 14721.00, 558.10, 2
0.73080, 0.00020, 14922.30, 429.30, 2
0.73130, 0.00025, 13957.60, 464.70, 2
0.73170, 0.00020, 14761.60, 503.90, 2
0.73220, 0.00025, 13950.50, 421.70, 2
0.73260, 0.00020, 14703.00, 483.40, 2
0.73310, 0.00025, 14081.60, 532.50, 2
0.73350, 0.00020, 14853.90, 529.10, 2
0.73390, 0.00020, 14755.60, 493.50, 2
0.73440, 0.00025, 14536.40, 511.80, 2
0.73480, 0.00020, 14987.90, 517.40, 2
0.73530, 0.00025, 14819.20, 555.90, 2
0.73570, 0.00020, 14619.80, 436.10, 2
0.73620, 0.00025, 15400.50, 489.00, 2
0.73710, 0.00045, 14265.70, 479.60, 2
0.73750, 0.00020, 14104.60, 542.10, 2
0.73800, 0.00025, 14904.50, 550.80, 2
0.73840, 0.00020, 14499.50, 562.10, 2
0.73890, 0.00025, 14526.80, 532.70, 2
0.73930, 0.00020, 14763.20, 557.00, 2
0.73980, 0.00025, 13689.80, 632.20, 2
0.74020, 0.00020, 13552.40, 475.30, 2
0.74060, 0.00020, 14631.80, 552.30, 2
0.74110, 0.00025, 13960.90, 500.40, 2
0.74150, 0.00020, 14009.80, 506.70, 2
0.74200, 0.00025, 14425.40, 497.90, 2
0.74240, 0.00020, 13831.60, 487.20, 2
0.74290, 0.00025, 14884.10, 496.30, 2
0.74330, 0.00020, 14133.00, 500.40, 2
0.74380, 0.00025, 14648.90, 503.80, 2
0.74420, 0.00020, 14144.80, 507.00, 2
0.74471, 0.00026, 13561.00, 509.10, 2
0.74511, 0.00020, 14667.20, 502.90, 2
0.74561, 0.00025, 14251.60, 486.90, 2
0.74601, 0.00020, 14727.90, 539.10, 2
0.74651, 0.00025, 14521.10, 481.10, 2
0.74691, 0.00020, 14389.00, 497.10, 2
0.74741, 0.00025, 13893.40, 412.00, 2
0.74781, 0.00020, 14462.20, 547.70, 2
0.74831, 0.00025, 14196.80, 550.30, 2
0.74871, 0.00020, 14039.80, 570.60, 2
0.74921, 0.00025, 15020.60, 523.40, 2
0.74961, 0.00020, 14668.70, 548.30, 2
0.75011, 0.00025, 13894.90, 477.10, 2
0.75051, 0.00020, 14020.70, 566.10, 2
0.75101, 0.00025, 14027.90, 712.90, 2
0.75141, 0.00020, 13827.90, 459.40, 2
0.75191, 0.00025, 14213.70, 500.00, 2
0.75231, 0.00020, 14223.30, 493.50, 2
0.75281, 0.00025, 13685.80, 515.50, 2
0.75321, 0.00020, 13858.40, 432.60, 2
0.75371, 0.00025, 14508.90, 524.40, 2
0.75411, 0.00020, 14381.30, 626.20, 2
0.75461, 0.00025, 14583.40, 515.90, 2
0.75501, 0.00020, 14792.00, 512.20, 2
0.75551, 0.00025, 14255.60, 520.20, 2
0.75591, 0.00020, 13797.00, 495.10, 2
0.75641, 0.00025, 13971.80, 506.00, 2
0.75681, 0.00020, 14173.20, 587.00, 2
0.75731, 0.00025, 14231.30, 503.00, 2
0.75771, 0.00020, 14117.70, 535.60, 2
0.75821, 0.00025, 14767.00, 441.80, 2
0.75861, 0.00020, 14278.20, 536.50, 2
0.75911, 0.00025, 14754.50, 439.00, 2
0.75951, 0.00020, 13958.40, 472.50, 2
0.76001, 0.00025, 14127.10, 620.80, 2
0.76041, 0.00020, 14587.80, 756.50, 2
0.76091, 0.00025, 14425.80, 586.20, 2
0.76131, 0.00020, 14111.10, 493.80, 2
0.76181, 0.00025, 15047.90, 612.90, 2
0.76221, 0.00020, 14961.80, 489.40, 2
0.76271, 0.00025, 14177.20, 503.60, 2
0.76311, 0.00020, 13729.00, 574.80, 2
0.76361, 0.00025, 14847.10, 498.60, 2
0.76401, 0.00020, 14862.60, 556.60, 2
0.76451, 0.00025, 14062.20, 532.50, 2
0.76491, 0.00020, 13734.70, 497.50, 2
0.76541, 0.00025, 14837.30, 530.80, 2
0.76591, 0.00025, 14172.30, 529.80, 2
0.76631, 0.00020, 15021.50, 621.40, 2
0.76681, 0.00025, 14938.80, 627.80, 2
0.76771, 0.00045, 14738.90, 498.10, 2
0.76811, 0.00020, 14570.70, 534.90, 2
0.76861, 0.00025, 14887.60, 531.10, 2
0.76901, 0.00020, 14214.10, 521.80, 2
0.76951, 0.00025, 14095.20, 570.30, 2
0.76991, 0.00020, 14845.20, 496.80, 2
0.77041, 0.00025, 15050.20, 543.00, 2
0.77081, 0.00020, 14338.20, 580.70, 2
0.77131, 0.00025, 14710.30, 589.20, 2
0.77171, 0.00020, 14913.80, 491.00, 2
0.77221, 0.00025, 14847.00, 564.70, 2
0.77261, 0.00020, 15344.90, 527.70, 2
0.77311, 0.00025, 14962.20, 516.00, 2
0.77361, 0.00025, 14752.60, 572.80, 2
0.77401, 0.00020, 14159.20, 629.10, 2
0.77451, 0.00025, 14585.20, 609.40, 2
0.77491, 0.00020, 14025.00, 502.70, 2
0.77541, 0.00025, 14178.60, 563.40, 2
0.77581, 0.00020, 15649.00, 537.00, 2
0.77631, 0.00025, 14505.80, 613.30, 2
0.77671, 0.00020, 14457.90, 629.60, 2
0.77721, 0.00025, 14563.80, 598.00, 2
0.77761, 0.00020, 14600.60, 589.00, 2
0.77811, 0.00025, 14368.00, 613.60, 2
0.77861, 0.00025, 14201.30, 540.30, 2
0.77901, 0.00020, 15155.20, 641.20, 2
0.77951, 0.00025, 14290.40, 503.50, 2
0.77991, 0.00020, 14567.10, 559.60, 2
0.78041, 0.00025, 14875.50, 586.90, 2
0.78081, 0.00020, 13234.70, 535.20, 2
0.78131, 0.00025, 13759.50, 587.90, 2
0.78172, 0.00021, 14049.40, 564.20, 2
0.78222, 0.00025, 13825.80, 533.20, 2
0.78272, 0.00025, 15108.60, 640.50, 2
0.78312, 0.00020, 14153.50, 552.50, 2
0.78362, 0.00025, 13218.00, 513.50, 2
0.78402, 0.00020, 13416.00, 520.50, 2
0.78452, 0.00025, 13911.30, 520.30, 2
0.78492, 0.00020, 13661.90, 540.40, 2
0.78542, 0.00025, 13221.20, 539.00, 2
0.78582, 0.00020, 13691.30, 551.80, 2
0.78632, 0.00025, 14813.40, 648.10, 2
0.78682, 0.00025, 14236.30, 586.10, 2
0.78722, 0.00020, 14001.80, 592.60, 2
0.78772, 0.00025, 14158.40, 527.90, 2
0.78812, 0.00020, 13105.50, 490.40, 2
0.78862, 0.00025, 14702.50, 623.50, 2
0.78902, 0.00020, 13923.80, 539.20, 2
0.78952, 0.00025, 14710.60, 532.70, 2
0.79002, 0.00025, 14652.80, 549.10, 2
0.79042, 0.00020, 13619.20, 512.00, 2
0.79092, 0.00025, 14987.00, 717.50, 2
0.79132, 0.00020, 14482.10, 560.40, 2
0.79182, 0.00025, 14000.60, 559.90, 2
0.79222, 0.00020, 15056.10, 581.20, 2
0.79272, 0.00025, 15074.70, 660.30, 2
0.79322, 0.00025, 15250.30, 620.50, 2
0.79362, 0.00020, 15368.70, 490.20, 2
0.79412, 0.00025, 14472.50, 610.50, 2
0.79452, 0.00020, 13929.10, 554.50, 2
0.79502, 0.00025, 14294.80, 599.50, 2
0.79542, 0.00020, 14142.50, 619.70, 2
0.79592, 0.00025, 14114.50, 679.50, 2
0.79642, 0.00025, 14080.70, 612.30, 2
0.79682, 0.00020, 13988.60, 506.40, 2
0.79732, 0.00025, 14519.50, 815.40, 2
0.79772, 0.00020, 14632.40, 495.50, 2
0.79822, 0.00025, 14206.30, 557.40, 2
0.79872, 0.00025, 14590.80, 583.80, 2
0.79912, 0.00020, 14195.10, 567.60, 2
0.79962, 0.00025, 13756.30, 557.20, 2
0.80002, 0.00020, 13873.40, 595.40, 2
0.80052, 0.00025, 13572.50, 521.50, 2
0.80092, 0.00020, 13785.90, 645.30, 2
0.80142, 0.00025, 14983.50, 623.60, 2
0.80192, 0.00025, 14517.70, 580.70, 2
0.80232, 0.00020, 14721.10, 543.10, 2
0.80282, 0.00025, 14585.20, 606.20, 2
0.80322, 0.00020, 14692.80, 613.80, 2
0.80372, 0.00025, 14172.80, 699.90, 2
0.80422, 0.00025, 13561.80, 594.20, 2
0.80462, 0.00020, 13802.80, 562.30, 2
0.80512, 0.00025, 14131.10, 616.20, 2
0.80552, 0.00020, 13292.20, 607.60, 2
0.80602, 0.00025, 14834.20, 611.90, 2
0.80652, 0.00025, 13872.60, 603.00, 2
0.80692, 0.00020, 14723.10, 709.40, 2
0.80742, 0.00025, 14815.50, 569.90, 2
0.80782, 0.00020, 13465.00, 659.00, 2
0.80832, 0.00025, 14115.30, 614.00, 2
0.80882, 0.00025, 14587.90, 607.70, 2
0.80922, 0.00020, 14423.00, 971.00, 2
0.80972, 0.00025, 13878.60, 543.70, 2
0.81012, 0.00020, 15180.40, 678.40, 2
0.81062, 0.00025, 15331.10, 662.00, 2
0.81112, 0.00025, 15421.70, 629.80, 2
0.81152, 0.00020, 14537.80, 586.20, 2
0.81202, 0.00025, 14850.30, 659.40, 2
0.81242, 0.00020, 14111.20, 641.20, 2
0.81292, 0.00025, 14986.20, 544.00, 2
0.81342, 0.00025, 15280.50, 618.30, 2
0.81382, 0.00020, 13586.80, 604.60, 2
0.81432, 0.00025, 14569.60, 696.30, 2
0.81482, 0.00025, 13715.20, 682.70, 2
0.81522, 0.00020, 14721.30, 642.40, 2
0.81572, 0.00025, 14857.30, 650.80, 2
0.81612, 0.00020, 13999.30, 646.00, 2
0.81662, 0.00025, 15073.40, 731.80, 2
0.81712, 0.00025, 14574.20, 566.50, 2
0.81752, 0.00020, 14411.30, 925.40, 2
0.81802, 0.00025, 14357.60, 636.30, 2
0.81842, 0.00020, 14647.60, 649.10, 2
0.81893, 0.00026, 13797.10, 633.10, 2
0.81943, 0.00025, 15030.40, 658.40, 2
0.81983, 0.00020, 13451.80, 635.80, 2
0.82033, 0.00025, 14418.00, 584.70, 2
0.82083, 0.00025, 14404.50, 636.60, 2
0.82123, 0.00020, 15209.50, 665.20, 2
0.82173, 0.00025, 14667.10, 788.10, 2
0.82213, 0.00020, 14843.20, 696.30, 2
0.82263, 0.00025, 14122.40, 664.20, 2
0.82313, 0.00025, 12870.70, 604.90, 2
0.82353, 0.00020, 13577.50, 607.20, 2
0.82403, 0.00025, 13481.20, 739.60, 2
0.82453, 0.00025, 14535.40, 671.70, 2
0.82493, 0.00020, 14147.80, 635.30, 2
0.82543, 0.00025, 15347.40, 752.40, 2
0.82583, 0.00020, 14687.00, 674.10, 2
0.82633, 0.00025, 14141.20, 580.00, 2
0.82683, 0.00025, 14331.20, 694.20, 2
0.82723, 0.00020, 14037.60, 676.50, 2
0.82773, 0.00025, 15812.10, 633.40, 2
0.82823, 0.00025, 14481.40, 714.80, 2
0.82863, 0.00020, 14364.60, 726.70, 2
0.82913, 0.00025, 13643.40, 610.40, 2
0.82953, 0.00020, 14440.90, 704.00, 2
0.83003, 0.00025, 14651.60, 658.10, 2
0.83053, 0.00025, 14943.40, 674.30, 2
0.83093, 0.00020, 14398.60, 739.00, 2
0.83143, 0.00025, 14388.30, 733.10, 2
0.83193, 0.00025, 14780.40, 963.10, 2
0.83233, 0.00020, 13481.10, 704.20, 2
0.83283, 0.00025, 13725.60, 641.60, 2
0.83333, 0.00025, 13659.40, 644.10, 2
0.83373, 0.00020, 14916.50, 794.10, 2
0.83423, 0.00025, 13895.60, 717.20, 2
0.83463, 0.00020, 15232.10, 935.70, 2
0.83513, 0.00025, 15240.40, 724.40, 2
0.83563, 0.00025, 13103.20, 718.80, 2
0.83603, 0.00020, 15014.00, 740.30, 2
0.83653, 0.00025, 13621.70, 752.10, 2
0.83703, 0.00025, 14009.80, 695.20, 2
0.83743, 0.00020, 14423.80, 713.40, 2
0.83793, 0.00025, 12546.10, 819.90, 2
0.83843, 0.00025, 14797.30, 640.40, 2
0.83883, 0.00020, 14658.80, 741.40, 2
0.83933, 0.00025, 15776.20, 736.70, 2
0.83983, 0.00025, 14173.50, 696.20, 2
0.84023, 0.00020, 15091.00, 708.90, 2
0.84073, 0.00025, 14998.20, 771.70, 2
0.84123, 0.00025, 14220.40, 748.50, 2
0.84163, 0.00020, 14433.80, 675.50, 2
0.84213, 0.00025, 13516.30, 638.80, 2
0.84253, 0.00020, 16013.10, 744.70, 2
0.84303, 0.00025, 14793.30, 708.20, 2
0.84353, 0.00025, 15740.00, 702.90, 2
0.85033, 0.00040, 13892.00, 732.10, 1
0.85113, 0.00040, 14170.20, 453.80, 1
0.85203, 0.00045, 15317.70, 408.60, 1
0.85293, 0.00045, 14022.20, 501.40, 1
0.85383, 0.00045, 14733.90, 690.50, 1
0.85473, 0.00045, 13752.70, 436.60, 1
0.85564, 0.00045, 13854.40, 481.20, 1
0.85644, 0.00040, 13974.40, 489.50, 1
0.85734, 0.00045, 14366.60, 458.40, 1
0.85824, 0.00045, 14117.80, 360.20, 1
0.85914, 0.00045, 13833.10, 465.10, 1
0.86004, 0.00045, 13811.40, 407.10, 1
0.86094, 0.00045, 13571.00, 477.00, 1
0.86184, 0.00045, 14125.00, 538.70, 1
0.86264, 0.00040, 13962.00, 435.50, 1
0.86354, 0.00045, 13376.90, 415.00, 1
0.86444, 0.00045, 14363.80, 438.40, 1
0.86534, 0.00045, 13999.20, 754.60, 1
0.86624, 0.00045, 13738.00, 459.60, 1
0.86714, 0.00045, 14352.30, 528.60, 1
0.86804, 0.00045, 13926.60, 364.50, 1
0.86894, 0.00045, 14733.40, 466.70, 1
0.86974, 0.00040, 13903.40, 380.20, 1
0.87064, 0.00045, 13845.20, 418.30, 1
0.87154, 0.00045, 14207.90, 466.00, 1
0.87244, 0.00045, 14254.70, 459.50, 1
0.87334, 0.00045, 14293.80, 492.70, 1
0.87424, 0.00045, 13457.00, 535.00, 1
0.87514, 0.00045, 13725.00, 413.50, 1
0.87604, 0.00045, 13944.10, 653.60, 1
0.87694, 0.00045, 13617.50, 349.90, 1
0.87784, 0.00045, 14372.20, 448.00, 1
0.87864, 0.00040, 14713.10, 416.80, 1
0.87954, 0.00045, 13929.90, 432.10, 1
0.88044, 0.00045, 14112.60, 465.30, 1
0.88134, 0.00045, 13721.40, 434.10, 1
0.88224, 0.00045, 14416.60, 397.20, 1
0.88314, 0.00045, 14487.10, 405.40, 1
0.88404, 0.00045, 14295.80, 426.70, 1
0.88494, 0.00045, 14196.10, 339.60, 1
0.88584, 0.00045, 13677.50, 442.60, 1
0.88674, 0.00045, 14334.90, 436.40, 1
0.88764, 0.00045, 14609.30, 460.40, 1
0.88854, 0.00045, 14161.10, 407.40, 1
0.88944, 0.00045, 14387.40, 366.80, 1
0.89024, 0.00040, 14420.50, 390.60, 1
0.89114, 0.00045, 14144.20, 436.60, 1
0.89204, 0.00045, 14501.70, 435.20, 1
0.89295, 0.00045, 13956.30, 461.70, 1
0.89385, 0.00045, 14340.70, 408.20, 1
0.89475, 0.00045, 13952.30, 374.60, 1
0.89565, 0.00045, 14222.00, 460.70, 1
0.89655, 0.00045, 14208.40, 369.10, 1
0.89745, 0.00045, 14322.30, 422.90, 1
0.89835, 0.00045, 14343.80, 455.00, 1
0.89925, 0.00045, 14401.00, 505.10, 1
0.90015, 0.00045, 14211.60, 436.40, 1
0.90105, 0.00045, 13984.50, 407.70, 1
0.90195, 0.00045, 14244.60, 452.70, 1
0.90285, 0.00045, 14966.80, 385.90, 1
0.90375, 0.00045, 14454.20, 363.20, 1
0.90465, 0.00045, 13868.60, 402.90, 1
0.90555, 0.00045, 14364.70, 364.10, 1
0.90645, 0.00045, 14391.60, 428.40, 1
0.90735, 0.00045, 14743.50, 751.00, 1
0.90825, 0.00045, 14426.50, 373.30, 1
0.90915, 0.00045, 14665.70, 410.90, 1
0.91005, 0.00045, 14150.00, 364.80, 1
0.91095, 0.00045, 14186.40, 394.10, 1
0.91185, 0.00045, 13767.70, 408.90, 1
0.91275, 0.00045, 14560.00, 467.40, 1
0.91365, 0.00045, 14615.40, 467.90, 1
0.91455, 0.00045, 14022.40, 368.10, 1
0.91545, 0.00045, 14555.50, 456.40, 1
0.91635, 0.00045, 14224.20, 433.20, 1
0.91725, 0.00045, 13923.60, 451.70, 1
0.91815, 0.00045, 13864.80, 381.80, 1
0.91905, 0.00045, 14241.70, 368.90, 1
0.91995, 0.00045, 14513.90, 392.10, 1
0.92085, 0.00045, 14612.60, 373.20, 1
0.92175, 0.00045, 14394.60, 352.00, 1
0.92265, 0.00045, 15315.60, 424.40, 1
0.92355, 0.00045, 14341.90, 422.90, 1
0.92445, 0.00045, 13883.20, 426.40, 1
0.92535, 0.00045, 14882.30, 497.60, 1
0.92625, 0.00045, 13790.10, 389.20, 1
0.92715, 0.00045, 14408.70, 358.70, 1
0.92805, 0.00045, 14070.30, 325.80, 1
0.92895, 0.00045, 14001.40, 403.30, 1
0.92986, 0.00045, 14649.40, 420.10, 1
0.93076, 0.00045, 14291.20, 598.10, 1
0.93166, 0.00045, 13939.70, 353.90, 1
0.93256, 0.00045, 14081.80, 379.20, 1
0.93346, 0.00045, 14210.30, 362.50, 1
0.93436, 0.00045, 14177.20, 384.00, 1
0.93526, 0.00045, 14760.70, 428.50, 1
0.93616, 0.00045, 14499.00, 381.90, 1
0.93706, 0.00045, 14255.40, 459.90, 1
0.93796, 0.00045, 14314.10, 543.60, 1
0.93886, 0.00045, 14122.80, 455.60, 1
0.93976, 0.00045, 14337.30, 457.10, 1
0.94066, 0.00045, 14380.00, 405.20, 1
0.94156, 0.00045, 14129.00, 403.40, 1
0.94256, 0.00050, 14159.10, 362.40, 1
0.94346, 0.00045, 14621.90, 426.20, 1
0.94436, 0.00045, 14388.70, 446.10, 1
0.94526, 0.00045, 14144.00, 319.30, 1
0.94616, 0.00045, 14581.50, 375.60, 1
0.94706, 0.00045, 14287.80, 386.10, 1
0.94796, 0.00045, 14247.70, 330.60, 1
0.94886, 0.00045, 13967.20, 367.30, 1
0.94976, 0.00045, 13822.20, 329.20, 1
0.95066, 0.00045, 14380.80, 370.50, 1
0.95156, 0.00045, 14481.90, 414.00, 1
0.95246, 0.00045, 14105.30, 483.90, 1
0.95336, 0.00045, 14496.70, 317.20, 1
0.95426, 0.00045, 14456.70, 405.60, 1
0.95526, 0.00050, 14244.80, 402.50, 1
0.95616, 0.00045, 13589.70, 318.60, 1
0.95706, 0.00045, 14359.70, 502.00, 1
0.95796, 0.00045, 13826.60, 315.30, 1
0.95886, 0.00045, 14275.00, 384.20, 1
0.95976, 0.00045, 14351.60, 434.90, 1
0.96066, 0.00045, 13717.20, 937.80, 1
0.96156, 0.00045, 14585.20, 375.80, 1
0.96246, 0.00045, 14796.10, 420.20, 1
0.96336, 0.00045, 14120.50, 665.60, 1
0.96436, 0.00050, 14190.90, 392.20, 1
0.96526, 0.00045, 14100.50, 541.70, 1
0.96616, 0.00045, 14333.00, 354.10, 1
0.96707, 0.00045, 14153.30, 427.70, 1
0.96797, 0.00045, 14601.20, 379.70, 1
0.96887, 0.00045, 14031.10, 372.60, 1
0.96977, 0.00045, 14421.40, 355.80, 1
0.97067, 0.00045, 14302.20, 367.00, 1
0.97157, 0.00045, 14394.40, 343.70, 1
0.97257, 0.00050, 14443.80, 361.50, 1
0.97347, 0.00045, 14583.90, 391.10, 1
0.97437, 0.00045, 14240.90, 466.30, 1
0.97527, 0.00045, 13862.60, 342.90, 1
0.97617, 0.00045, 13894.10, 300.20, 1
0.97707, 0.00045, 14198.40, 393.70, 1
0.97797, 0.00045, 13836.10, 467.10, 1
0.97897, 0.00050, 14128.60, 361.10, 1
0.97987, 0.00045, 14276.50, 610.60, 1
0.98077, 0.00045, 14408.30, 350.50, 1
0.98167, 0.00045, 13697.00, 404.50, 1
0.98257, 0.00045, 14771.00, 380.50, 1
0.98347, 0.00045, 14469.50, 377.70, 1
0.98437, 0.00045, 13322.00, 598.80, 1
0.98537, 0.00050, 14114.50, 336.50, 1
0.98627, 0.00045, 14363.40, 315.00, 1
0.98717, 0.00045, 14136.00, 387.40, 1
0.98807, 0.00045, 14459.30, 358.00, 1
0.98897, 0.00045, 14049.40, 300.10, 1
0.98987, 0.00045, 14410.10, 396.20, 1
0.99087, 0.00050, 14236.20, 378.00, 1
0.99177, 0.00045, 14082.50, 410.90, 1
0.99267, 0.00045, 14447.90, 414.80, 1
0.99357, 0.00045, 14523.70, 382.10, 1
0.99447, 0.00045, 14347.10, 415.00, 1
0.99537, 0.00045, 14292.10, 378.40, 1
0.99637, 0.00050, 14256.10, 378.00, 1
0.99727, 0.00045, 14494.10, 358.00, 1
0.99817, 0.00045, 14154.20, 375.90, 1
0.99907, 0.00045, 14213.40, 398.60, 1
0.99997, 0.00045, 13972.50, 308.70, 1
1.00087, 0.00045, 13998.50, 331.30, 1
1.00187, 0.00050, 14075.60, 275.80, 1
1.00277, 0.00045, 14208.00, 372.50, 1
1.00368, 0.00045, 14534.80, 474.80, 1
1.00458, 0.00045, 14370.50, 398.70, 1
1.00548, 0.00045, 14604.30, 368.90, 1
1.00648, 0.00050, 14437.40, 313.30, 1
1.00738, 0.00045, 14803.60, 378.00, 1
1.00828, 0.00045, 14103.20, 403.10, 1
1.00918, 0.00045, 14235.00, 390.60, 1
1.01008, 0.00045, 14615.80, 352.40, 1
1.01108, 0.00050, 14345.20, 414.30, 1
1.01198, 0.00045, 14050.70, 398.80, 1
1.01288, 0.00045, 14184.40, 536.90, 1
1.01378, 0.00045, 14613.40, 359.60, 1
1.01468, 0.00045, 13824.60, 362.20, 1
1.01568, 0.00050, 13853.00, 389.40, 1
1.01658, 0.00045, 13843.80, 313.50, 1
1.01748, 0.00045, 14284.90, 439.60, 1
1.01838, 0.00045, 14472.30, 370.40, 1
1.01938, 0.00050, 14316.10, 550.00, 1
1.02028, 0.00045, 14390.40, 402.80, 1
1.02118, 0.00045, 14443.40, 599.00, 1
1.02208, 0.00045, 14047.40, 246.70, 1
1.02298, 0.00045, 14617.20, 544.30, 1
1.02398, 0.00050, 14187.00, 300.70, 1
1.02488, 0.00045, 14212.70, 396.70, 1
1.02578, 0.00045, 14304.20, 587.50, 1
1.02668, 0.00045, 14552.80, 383.50, 1
1.02768, 0.00050, 14121.10, 350.10, 1
1.02858, 0.00045, 13946.80, 576.50, 1
1.02948, 0.00045, 14515.70, 445.90, 1
1.03038, 0.00045, 14519.40, 338.20, 1
1.03138, 0.00050, 14536.80, 356.90, 1
1.03228, 0.00045, 14148.10, 391.30, 1
1.03318, 0.00045, 14489.00, 400.40, 1
1.03408, 0.00045, 13789.30, 394.20, 1
1.03498, 0.00045, 14184.20, 355.70, 1
1.03598, 0.00050, 14143.40, 370.20, 1
1.03688, 0.00045, 14049.40, 351.60, 1
1.03778, 0.00045, 14328.40, 382.30, 1
1.03868, 0.00045, 14021.60, 375.70, 1
1.03968, 0.00050, 14973.10, 388.00, 1
1.04059, 0.00045, 14245.20, 315.60, 1
1.04149, 0.00045, 13907.20, 343.10, 1
1.04249, 0.00050, 14173.60, 382.50, 1
1.04339, 0.00045, 13637.70, 367.30, 1
1.04429, 0.00045, 14514.90, 280.30, 1
1.04519, 0.00045, 13571.80, 389.90, 1
1.04619, 0.00050, 14129.80, 312.70, 1
1.04709, 0.00045, 14365.20, 330.50, 1
1.04799, 0.00045, 14333.10, 328.00, 1
1.04889, 0.00045, 14157.40, 407.30, 1
1.04989, 0.00050, 14088.30, 474.70, 1
1.05079, 0.00045, 14316.10, 288.90, 1
1.05169, 0.00045, 14323.70, 413.20, 1
1.05269, 0.00050, 14168.50, 321.10, 1
1.05359, 0.00045, 14206.50, 410.00, 1
1.05449, 0.00045, 14224.50, 362.00, 1
1.05539, 0.00045, 13867.30, 307.40, 1
1.05639, 0.00050, 14278.50, 388.30, 1
1.05729, 0.00045, 14271.00, 341.20, 1
1.05819, 0.00045, 14222.60, 297.10, 1
1.05919, 0.00050, 13648.10, 485.70, 1
1.06009, 0.00045, 14498.40, 308.60, 1
1.06099, 0.00045, 14241.40, 389.60, 1
1.06189, 0.00045, 13952.80, 290.80, 1
1.06289, 0.00050, 14196.40, 375.50, 1
1.06379, 0.00045, 14181.00, 383.90, 1
1.06469, 0.00045, 14118.70, 465.90, 1
1.06569, 0.00050, 14150.80, 410.60, 1
1.06659, 0.00045, 13859.50, 384.60, 1
1.06749, 0.00045, 14680.10, 278.70, 1
1.06849, 0.00050, 14330.60, 348.40, 1
1.06939, 0.00045, 14125.40, 354.00, 1
1.07029, 0.00045, 14399.90, 273.40, 1
1.07119, 0.00045, 14284.00, 362.20, 1
1.07219, 0.00050, 14076.90, 324.30, 1
1.07309, 0.00045, 14455.90, 364.80, 1
1.07399, 0.00045, 14721.30, 274.50, 1
1.07499, 0.00050, 14539.70, 501.80, 1
1.07589, 0.00045, 14122.70, 436.10, 1
1.07679, 0.00045, 14254.60, 381.80, 1
1.07780, 0.00051, 14103.60, 393.70, 1
1.07870, 0.00045, 14332.10, 314.00, 1
1.07960, 0.00045, 14418.00, 320.70, 1
1.08060, 0.00050, 14134.70, 364.80, 1
1.08150, 0.00045, 14625.80, 410.50, 1
1.08240, 0.00045, 14443.60, 395.40, 1
1.08340, 0.00050, 14562.80, 309.10, 1
1.08430, 0.00045, 13700.60, 672.90, 1
1.08520, 0.00045, 14222.80, 495.80, 1
1.08620, 0.00050, 14392.30, 251.50, 1
1.08710, 0.00045, 14656.50, 378.70, 1
1.08800, 0.00045, 14017.40, 447.60, 1
1.08900, 0.00050, 13962.00, 382.60, 1
1.08990, 0.00045, 14359.10, 379.10, 1
1.09080, 0.00045, 14638.00, 348.90, 1
1.09180, 0.00050, 14286.60, 363.90, 1
1.09270, 0.00045, 14588.90, 388.10, 1
1.09360, 0.00045, 13895.60, 545.40, 1
1.09460, 0.00050, 14187.10, 329.50, 1
1.09550, 0.00045, 14086.40, 331.50, 1
1.09640, 0.00045, 14053.50, 310.00, 1
1.09740, 0.00050, 14950.40, 286.00, 1
1.09830, 0.00045, 13925.40, 300.00, 1
1.09930, 0.00050, 14555.40, 456.50, 1
1.10020, 0.00045, 14262.10, 355.30, 1
1.10110, 0.00045, 14423.30, 426.80, 1
1.10210, 0.00050, 14455.10, 412.10, 1
1.10300, 0.00045, 14706.20, 348.20, 1
1.10390, 0.00045, 13833.40, 362.00, 1
1.10490, 0.00050, 14644.30, 306.00, 1
1.10580, 0.00045, 14232.00, 357.60, 1
1.10670, 0.00045, 14250.60, 376.10, 1
1.10770, 0.00050, 14092.10, 379.40, 1
1.10860, 0.00045, 14644.20, 313.30, 1
1.10960, 0.00050, 14250.80, 329.00, 1
1.11050, 0.00045, 14483.50, 391.60, 1
1.11140, 0.00045, 14470.70, 366.80, 1
1.11240, 0.00050, 14954.50, 412.40, 1
1.11330, 0.00045, 14362.10, 277.10, 1
1.11421, 0.00045, 14478.70, 361.10, 1
1.11521, 0.00050, 14251.70, 347.60, 1
1.11611, 0.00045, 14439.20, 331.30, 1
1.11711, 0.00050, 14572.30, 248.80, 1
1.11801, 0.00045, 14134.00, 351.40, 1
1.11891, 0.00045, 14210.80, 361.60, 1
1.11991, 0.00050, 14204.10, 403.50, 1
1.12081, 0.00045, 14049.40, 416.20, 1
1.12181, 0.00050, 14283.50, 330.20, 1
1.12271, 0.00045, 14388.70, 353.10, 1
1.12361, 0.00045, 14696.40, 300.20, 1
1.12461, 0.00050, 14555.10, 368.90, 1
1.12551, 0.00045, 14201.30, 376.00, 1
1.12641, 0.00045, 13861.70, 382.00, 1
1.12741, 0.00050, 14398.80, 294.50, 1
1.12831, 0.00045, 14643.20, 383.30, 1
1.12931, 0.00050, 14111.80, 321.60, 1
1.13021, 0.00045, 13949.70, 429.50, 1
1.13121, 0.00050, 14265.40, 290.70, 1
1.13211, 0.00045, 14609.40, 387.90, 1
1.13301, 0.00045, 14548.40, 362.60, 1
1.13401, 0.00050, 14132.30, 418.80, 1
1.13491, 0.00045, 14464.90, 331.20, 1
1.13591, 0.00050, 14124.00, 336.80, 1
1.13681, 0.00045, 14155.70, 295.10, 1
1.13771, 0.00045, 14411.70, 413.40, 1
1.13871, 0.00050, 14269.20, 355.10, 1
1.13961, 0.00045, 14302.70, 325.40, 1
1.14061, 0.00050, 14113.80, 418.90, 1
1.14151, 0.00045, 13848.90, 371.40, 1
1.14241, 0.00045, 14040.10, 352.00, 1
1.14341, 0.00050, 14614.80, 376.50, 1
1.14431, 0.00045, 14151.00, 320.10, 1
1.14531, 0.00050, 14426.20, 351.60, 1
1.14621, 0.00045, 14121.70, 368.80, 1
1.14721, 0.00050, 14104.60, 320.90, 1
1.14811, 0.00045, 14588.20, 355.90, 1
1.14901, 0.00045, 13969.80, 412.50, 1
1.15001, 0.00050, 14369.80, 394.90, 1
1.15092, 0.00045, 14153.80, 344.20, 1
1.15192, 0.00050, 13967.10, 369.30, 1
1.15282, 0.00045, 14254.50, 503.70, 1
1.15382, 0.00050, 14458.10, 270.70, 1
1.15472, 0.00045, 14609.60, 308.40, 1
1.15572, 0.00050, 14318.50, 410.90, 1
1.15662, 0.00045, 13955.50, 523.80, 1
1.15752, 0.00045, 14195.20, 349.20, 1
1.15852, 0.00050, 14159.10, 365.10, 1
1.15942, 0.00045, 14344.30, 251.60, 1
1.16042, 0.00050, 14142.40, 278.10, 1
1.16132, 0.00045, 14188.70, 257.00, 1
1.16232, 0.00050, 13859.50, 518.40, 1
1.16322, 0.00045, 13932.80, 293.00, 1
1.16422, 0.00050, 14260.00, 372.00, 1
1.16512, 0.00045, 14348.00, 335.10, 1
1.16602, 0.00045, 14546.40, 358.40, 1
1.16702, 0.00050, 14223.70, 354.70, 1
1.16792, 0.00045, 14314.20, 321.20, 1
1.16892, 0.00050, 14092.10, 381.50, 1
1.16982, 0.00045, 14175.50, 418.60, 1
1.17082, 0.00050, 14062.60, 351.70, 1
1.17172, 0.00045, 14098.60, 310.90, 1
1.17272, 0.00050, 14126.80, 312.10, 1
1.17362, 0.00045, 14159.40, 358.10, 1
1.17462, 0.00050, 13779.70, 247.40, 1
1.17552, 0.00045, 14219.10, 581.40, 1
1.17652, 0.00050, 14072.80, 384.30, 1
1.17742, 0.00045, 14127.80, 357.60, 1
1.17832, 0.00045, 13997.20, 384.10, 1
1.17932, 0.00050, 14033.10, 354.10, 1
1.18022, 0.00045, 13855.50, 423.90, 1
1.18122, 0.00050, 14146.30, 272.20, 1
1.18212, 0.00045, 14190.50, 315.90, 1
1.18312, 0.00050, 14144.30, 368.30, 1
1.18402, 0.00045, 14656.70, 337.40, 1
1.18502, 0.00050, 13932.30, 270.10, 1
1.18592, 0.00045, 13980.70, 330.00, 1
1.18692, 0.00050, 14452.90, 327.40, 1
1.18783, 0.00045, 14568.50, 358.10, 1
1.18883, 0.00050, 13574.50, 300.60, 1
1.18973, 0.00045, 13865.30, 326.00, 1
1.19073, 0.00050, 14146.20, 326.40, 1
1.19163, 0.00045, 14208.70, 311.20, 1
1.19263, 0.00050, 14197.20, 448.90, 1
1.19353, 0.00045, 14174.90, 450.80, 1
1.19453, 0.00050, 13468.20, 369.90, 1
1.19543, 0.00045, 13935.80, 361.30, 1
1.19643, 0.00050, 13956.50, 424.40, 1
1.19733, 0.00045, 14131.40, 345.20, 1
1.19833, 0.00050, 13796.80, 359.50, 1
1.19923, 0.00045, 14170.80, 440.60, 1
1.20023, 0.00050, 14875.30, 294.70, 1
1.20113, 0.00045, 14083.60, 365.30, 1
1.20213, 0.00050, 14107.80, 376.50, 1
1.20303, 0.00045, 14015.80, 371.60, 1
1.20403, 0.00050, 13853.80, 269.30, 1
1.20493, 0.00045, 13942.60, 421.00, 1
1.20593, 0.00050, 14085.60, 355.60, 1
1.20683, 0.00045, 14172.70, 333.40, 1
1.20783, 0.00050, 14332.20, 389.30, 1
1.20873, 0.00045, 13939.30, 389.50, 1
1.20973, 0.00050, 14507.60, 361.80, 1
1.21063, 0.00045, 14127.30, 427.30, 1
1.21163, 0.00050, 14097.50, 365.50, 1
1.21253, 0.00045, 14093.00, 405.80, 1
1.21353, 0.00050, 13789.30, 311.90, 1
1.21443, 0.00045, 13856.90, 350.10, 1
1.21543, 0.00050, 13751.00, 271.50, 1
1.21633, 0.00045, 14071.30, 311.60, 1
1.21733, 0.00050, 14732.30, 453.60, 1
1.21823, 0.00045, 13779.70, 274.80, 1
1.21923, 0.00050, 14102.90, 456.70, 1
1.22013, 0.00045, 14494.00, 417.20, 1
1.22113, 0.00050, 14305.30, 432.00, 1
1.22203, 0.00045, 14509.90, 345.10, 1
1.22303, 0.00050, 13747.80, 376.70, 1
1.22393, 0.00045, 14218.70, 414.00, 1
1.22494, 0.00050, 14411.40, 495.00, 1
1.22584, 0.00045, 14228.70, 340.60, 1
1.22684, 0.00050, 14682.50, 360.70, 1
1.22784, 0.00050, 14633.80, 383.30, 1
1.22874, 0.00045, 14236.60, 283.70, 1
1.22974, 0.00050, 14076.00, 420.70, 1
1.23064, 0.00045, 14059.20, 361.80, 1
1.23164, 0.00050, 14506.90, 415.90, 1
1.23254, 0.00045, 13697.80, 365.30, 1
1.23354, 0.00050, 13804.30, 233.40, 1
1.23444, 0.00045, 14200.70, 379.40, 1
1.23544, 0.00050, 14488.20, 325.70, 1
1.23634, 0.00045, 13903.30, 230.20, 1
1.23734, 0.00050, 14426.30, 357.00, 1
1.23824, 0.00045, 14109.50, 486.60, 1
1.23924, 0.00050, 14648.10, 360.50, 1
1.24024, 0.00050, 14159.70, 384.70, 1
1.24114, 0.00045, 14304.90, 336.90, 1
1.24214, 0.00050, 14124.60, 307.20, 1
1.24304, 0.00045, 14323.90, 333.10, 1
1.24404, 0.00050, 14392.10, 398.80, 1
1.24494, 0.00045, 13805.50, 383.10, 1
1.24594, 0.00050, 14566.90, 305.60, 1
1.24684, 0.00045, 14048.00, 338.20, 1
1.24784, 0.00050, 14365.50, 319.50, 1
1.24874, 0.00045, 14081.60, 465.60, 1
1.24974, 0.00050, 14381.90, 320.70, 1
1.25074, 0.00050, 14012.00, 351.00, 1
1.25164, 0.00045, 14067.00, 414.10, 1
1.25264, 0.00050, 13937.60, 332.80, 1
1.25354, 0.00045, 14371.80, 259.50, 1
1.25454, 0.00050, 14037.60, 378.80, 1
1.25544, 0.00045, 14186.00, 348.60, 1
1.25644, 0.00050, 14047.80, 365.50, 1
1.25744, 0.00050, 14021.40, 438.70, 1
1.25834, 0.00045, 14321.30, 483.60, 1
1.25934, 0.00050, 13997.80, 276.80, 1
1.26024, 0.00045, 14325.50, 314.30, 1
1.26124, 0.00050, 13930.90, 364.60, 1
1.26215, 0.00046, 14333.50, 369.00, 1
1.26315, 0.00050, 13759.90, 449.30, 1
1.26405, 0.00045, 14302.60, 377.70, 1
1.26505, 0.00050, 14138.40, 324.80, 1
1.26605, 0.00050, 14176.40, 266.90, 1
1.26695, 0.00045, 13898.80, 288.90, 1
1.26795, 0.00050, 13893.10, 277.60, 1
1.26885, 0.00045, 14250.40, 337.10, 1
1.26985, 0.00050, 14171.00, 497.80, 1
1.27085, 0.00050, 13895.10, 325.40, 1
1.27175, 0.00045, 14162.90, 398.10, 1
1.27275, 0.00050, 14116.60, 358.30, 1
1.27365, 0.00045, 13840.50, 268.30, 1
1.27465, 0.00050, 14138.10, 323.50, 1
1.27555, 0.00045, 13769.70, 298.40, 1
1.27655, 0.00050, 14247.50, 262.70, 1
1.27755, 0.00050, 14366.10, 263.40, 1
1.27845, 0.00045, 13896.20, 355.80, 1
1.27945, 0.00050, 14144.90, 360.10, 1
1.28035, 0.00045, 14825.20, 320.50, 1
1.28135, 0.00050, 14120.80, 392.60, 1
1.28225, 0.00045, 14193.10, 302.90, 1
1.28325, 0.00050, 13950.30, 384.30, 1
1.28425, 0.00050, 14347.70, 502.00, 1
1.28515, 0.00045, 14276.50, 270.00, 1
1.28615, 0.00050, 14618.70, 443.80, 1
1.28705, 0.00045, 14211.20, 350.50, 1
1.28805, 0.00050, 13975.00, 327.60, 1
1.28905, 0.00050, 14090.50, 324.00, 1
1.28995, 0.00045, 14122.20, 369.40, 1
1.29095, 0.00050, 14240.00, 375.30, 1
1.29185, 0.00045, 14223.90, 281.90, 1
1.29285, 0.00050, 13872.10, 408.10, 1
1.29385, 0.00050, 14211.40, 428.50, 1
1.29475, 0.00045, 14331.70, 336.10, 1
1.29575, 0.00050, 14499.00, 372.50, 1
1.29665, 0.00045, 13937.90, 267.00, 1
1.29765, 0.00050, 14127.50, 401.70, 1
1.29866, 0.00050, 14298.30, 386.00, 1
1.29956, 0.00045, 14203.70, 380.20, 1
1.30056, 0.00050, 14065.80, 256.60, 1
1.30146, 0.00045, 14032.30, 280.10, 1
1.30246, 0.00050, 14286.40, 419.60, 1
1.30346, 0.00050, 14243.20, 351.30, 1
1.30436, 0.00045, 13849.60, 299.80, 1
1.30536, 0.00050, 14251.40, 472.00, 1
1.30636, 0.00050, 14198.80, 353.30, 1
1.30726, 0.00045, 14688.20, 356.30, 1
1.30826, 0.00050, 14435.10, 321.10, 1
1.30916, 0.00045, 14719.40, 465.00, 1
1.31016, 0.00050, 14353.50, 341.60, 1
1.31116, 0.00050, 14165.00, 344.50, 1
1.31206, 0.00045, 14727.50, 333.00, 1
1.31306, 0.00050, 14019.50, 379.00, 1
1.31396, 0.00045, 14004.10, 288.90, 1
1.31496, 0.00050, 14005.40, 341.00, 1
1.31596, 0.00050, 14193.70, 402.40, 1
1.31686, 0.00045, 13660.20, 313.30, 1
1.31786, 0.00050, 13848.60, 355.60, 1
1.31886, 0.00050, 13933.20, 406.60, 1
1.31976, 0.00045, 13942.60, 452.50, 1
1.32076, 0.00050, 14355.60, 391.60, 1
1.32166, 0.00045, 14115.80, 342.00, 1
1.32266, 0.00050, 14044.60, 365.30, 1
1.32366, 0.00050, 14639.00, 340.90, 1
1.32456, 0.00045, 13801.40, 379.30, 1
1.32556, 0.00050, 14198.00, 238.10, 1
1.32656, 0.00050, 14017.30, 297.70, 1
1.32746, 0.00045, 13769.30, 451.80, 1
1.32846, 0.00050, 14040.50, 383.70, 1
1.32936, 0.00045, 14181.50, 484.00, 1
1.33036, 0.00050, 14204.10, 444.70, 1
1.33136, 0.00050, 14801.10, 382.30, 1
1.33226, 0.00045, 14037.20, 303.20, 1
1.33326, 0.00050, 14532.00, 385.80, 1
1.33426, 0.00050, 14397.30, 448.50, 1
1.33517, 0.00045, 14368.70, 526.70, 1
1.33617, 0.00050, 13864.80, 402.50, 1
1.33717, 0.00050, 14858.70, 370.90, 1
1.33807, 0.00045, 14167.90, 310.70, 1
1.33907, 0.00050, 13923.90, 370.80, 1
1.33997, 0.00045, 14219.70, 432.40, 1
1.34097, 0.00050, 14290.80, 369.90, 1
1.34197, 0.00050, 14473.50, 331.30, 1
1.34287, 0.00045, 14920.60, 311.80, 1
1.34387, 0.00050, 14492.00, 352.80, 1
1.34487, 0.00050, 14244.00, 275.20, 1
1.34577, 0.00045, 13833.60, 437.90, 1
1.34677, 0.00050, 14222.20, 421.80, 1
1.34777, 0.00050, 14679.00, 339.80, 1
1.34867, 0.00045, 14728.90, 307.30, 1
1.34967, 0.00050, 14483.60, 405.00, 1
1.35067, 0.00050, 14416.70, 387.90, 1
1.35157, 0.00045, 14852.70, 380.20, 1
1.35257, 0.00050, 14442.10, 336.40, 1
1.35347, 0.00045, 14801.50, 290.70, 1
1.35447, 0.00050, 14734.20, 358.20, 1
1.35547, 0.00050, 14610.20, 327.80, 1
1.35637, 0.00045, 14797.30, 409.90, 1
1.35737, 0.00050, 14276.10, 354.50, 1
1.35837, 0.00050, 14224.70, 305.70, 1
1.35927, 0.00045, 14195.50, 378.30, 1
1.36027, 0.00050, 14692.70, 328.90, 1
1.36127, 0.00050, 14406.40, 392.00, 1
1.36217, 0.00045, 13942.40, 374.70, 1
1.36317, 0.00050, 14503.20, 336.50, 1
1.36417, 0.00050, 14608.00, 362.70, 1
1.36507, 0.00045, 14633.50, 315.50, 1
1.36607, 0.00050, 14756.90, 363.80, 1
1.36707, 0.00050, 14671.30, 566.80, 1
1.36797, 0.00045, 14424.50, 607.10, 1
1.36897, 0.00050, 14554.90, 407.40, 1
1.36997, 0.00050, 14753.20, 272.20, 1
1.37087, 0.00045, 13981.00, 335.40, 1
1.37188, 0.00050, 14250.40, 546.80, 1
1.37288, 0.00050, 14337.30, 399.10, 1
1.37378, 0.00045, 14272.70, 440.70, 1
1.37478, 0.00050, 14293.70, 280.00, 1
1.37578, 0.00050, 14752.20, 341.60, 1
1.37668, 0.00045, 14504.30, 378.60, 1
1.37768, 0.00050, 14296.10, 384.20, 1
1.37868, 0.00050, 14312.20, 489.10, 1
1.37958, 0.00045, 14624.70, 441.10, 1
1.38058, 0.00050, 14397.90, 419.50, 1
1.38158, 0.00050, 14309.50, 323.70, 1
1.38248, 0.00045, 14772.10, 275.30, 1
1.38348, 0.00050, 14336.00, 293.80, 1
1.38448, 0.00050, 14281.50, 352.80, 1
1.38538, 0.00045, 14765.20, 362.40, 1
1.38638, 0.00050, 14588.30, 363.40, 1
1.38738, 0.00050, 14824.20, 280.20, 1
1.38828, 0.00045, 14652.50, 433.10, 1
1.38928, 0.00050, 14165.60, 322.90, 1
1.39028, 0.00050, 14335.30, 319.80, 1
1.39118, 0.00045, 14614.50, 327.70, 1
1.39218, 0.00050, 14046.60, 356.30, 1
1.39318, 0.00050, 14198.90, 318.60, 1
1.39418, 0.00050, 14301.20, 389.70, 1
1.39508, 0.00045, 14153.20, 307.70, 1
1.39608, 0.00050, 14725.70, 447.10, 1
1.39708, 0.00050, 14384.90, 402.10, 1
1.39798, 0.00045, 14736.30, 358.90, 1
1.39898, 0.00050, 14795.40, 606.60, 1
1.39998, 0.00050, 14423.90, 447.80, 1
1.40088, 0.00045, 14459.10, 333.50, 1
1.40188, 0.00050, 14675.30, 427.30, 1
1.40288, 0.00050, 14608.80, 362.90, 1
1.40378, 0.00045, 14546.10, 423.10, 1
1.40478, 0.00050, 14422.80, 393.30, 1
1.40578, 0.00050, 14052.10, 312.80, 1
1.40668, 0.00045, 14991.10, 347.80, 1
1.40768, 0.00050, 14532.90, 336.10, 1
1.40869, 0.00050, 13823.50, 376.10, 1
1.40969, 0.00050, 14723.40, 372.40, 1
1.41059, 0.00045, 14212.40, 366.30, 1
1.41159, 0.00050, 14672.80, 383.30, 1
1.41259, 0.00050, 14888.20, 305.40, 1
1.41349, 0.00045, 14385.90, 470.60, 1
1.41449, 0.00050, 14813.30, 383.30, 1
1.41549, 0.00050, 14197.70, 303.90, 1
1.41639, 0.00045, 14697.00, 333.80, 1
1.41739, 0.00050, 14670.10, 296.80, 1
1.41839, 0.00050, 14435.60, 361.60, 1
1.41929, 0.00045, 15036.90, 439.40, 1
1.42029, 0.00050, 13895.70, 544.20, 1
1.42129, 0.00050, 14840.30, 399.90, 1
1.42229, 0.00050, 14695.60, 306.50, 1
1.42319, 0.00045, 14899.80, 498.00, 1
1.42419, 0.00050, 14339.50, 338.40, 1
1.42519, 0.00050, 14743.00, 431.10, 1
1.42609, 0.00045, 15019.40, 421.00, 1
1.42709, 0.00050, 14241.50, 424.60, 1
1.42809, 0.00050, 14355.90, 462.30, 1
1.42909, 0.00050, 14385.50, 465.20, 1
1.42999, 0.00045, 14592.00, 398.50, 1
1.43099, 0.00050, 14483.20, 391.60, 1
1.43199, 0.00050, 14704.00, 343.80, 1
1.43289, 0.00045, 14653.00, 346.40, 1
1.43389, 0.00050, 14797.50, 429.90, 1
1.43489, 0.00050, 14404.40, 311.90, 1
1.43579, 0.00045, 14170.50, 379.70, 1
1.43679, 0.00050, 14672.90, 352.50, 1
1.43779, 0.00050, 14478.50, 277.00, 1
1.43879, 0.00050, 14590.00, 448.40, 1
1.43969, 0.00045, 14700.60, 577.90, 1
1.44069, 0.00050, 14212.60, 434.10, 1
1.44169, 0.00050, 14099.70, 304.90, 1
1.44259, 0.00045, 14289.90, 1555.00, 1
1.44359, 0.00050, 14590.70, 349.10, 1
1.44459, 0.00050, 14849.80, 347.20, 1
1.44560, 0.00050, 14572.20, 320.90, 1
1.44650, 0.00045, 14132.90, 367.20, 1
1.44750, 0.00050, 14126.60, 317.60, 1
1.44850, 0.00050, 14821.70, 382.80, 1
1.44940, 0.00045, 13943.50, 493.70, 1
1.45040, 0.00050, 14604.60, 374.50, 1
1.45140, 0.00050, 14153.10, 433.20, 1
1.45240, 0.00050, 14131.60, 384.90, 1
1.45330, 0.00045, 14023.00, 344.90, 1
1.45430, 0.00050, 14542.00, 358.30, 1
1.45530, 0.00050, 14764.10, 424.20, 1
1.45630, 0.00050, 14231.70, 331.40, 1
1.45720, 0.00045, 13931.90, 289.60, 1
1.45820, 0.00050, 14781.70, 347.00, 1
1.45920, 0.00050, 14126.20, 311.60, 1
1.46010, 0.00045, 14750.10, 316.30, 1
1.46110, 0.00050, 14189.50, 310.80, 1
1.46210, 0.00050, 14463.70, 396.60, 1
1.46310, 0.00050, 14082.30, 513.20, 1
1.46400, 0.00045, 14276.50, 376.30, 1
1.46500, 0.00050, 14998.70, 347.50, 1
1.46600, 0.00050, 13944.10, 353.30, 1
1.46690, 0.00045, 14482.80, 376.40, 1
1.46790, 0.00050, 14368.30, 412.90, 1
1.46890, 0.00050, 14940.60, 342.40, 1
1.46990, 0.00050, 14498.90, 634.00, 1
1.47080, 0.00045, 14152.40, 350.60, 1
1.47180, 0.00050, 14752.30, 321.80, 1
1.47280, 0.00050, 14480.10, 396.20, 1
1.47380, 0.00050, 13919.30, 403.40, 1
1.47470, 0.00045, 13715.60, 447.00, 1
1.47570, 0.00050, 14616.50, 449.40, 1
1.47670, 0.00050, 13750.30, 362.40, 1
1.47770, 0.00050, 14121.60, 452.60, 1
1.47860, 0.00045, 14455.20, 348.40, 1
1.47960, 0.00050, 14738.30, 348.00, 1
1.48060, 0.00050, 14379.90, 389.10, 1
1.48150, 0.00045, 13800.80, 344.50, 1
1.48251, 0.00050, 14507.90, 491.80, 1
1.48351, 0.00050, 13733.20, 338.10, 1
1.48451, 0.00050, 14261.80, 437.80, 1
1.48541, 0.00045, 14142.00, 452.70, 1
1.48641, 0.00050, 13910.00, 457.40, 1
1.48741, 0.00050, 14882.10, 491.50, 1
1.48841, 0.00050, 14269.30, 351.90, 1
1.48931, 0.00045, 14566.70, 485.50, 1
1.49031, 0.00050, 14662.40, 437.70, 1
1.49131, 0.00050, 14720.70, 464.80, 1
1.49231, 0.00050, 14265.20, 373.40, 1
1.49321, 0.00045, 14294.70, 353.70, 1
1.49421, 0.00050, 15186.70, 404.70, 1
1.49521, 0.00050, 14342.10, 369.00, 1
1.49621, 0.00050, 14258.40, 365.70, 1
1.49711, 0.00045, 14436.70, 340.10, 1
1.49811, 0.00050, 13975.20, 590.60, 1
1.49911, 0.00050, 14094.60, 290.50, 1
1.50011, 0.00050, 13942.70, 418.00, 1
1.50101, 0.00045, 14066.10, 343.70, 1
1.50201, 0.00050, 14208.60, 357.90, 1
1.50301, 0.00050, 14329.10, 428.40, 1
1.50401, 0.00050, 14498.70, 441.30, 1
1.50491, 0.00045, 14625.00, 460.90, 1
1.50591, 0.00050, 15215.30, 461.00, 1
1.50691, 0.00050, 14689.40, 361.90, 1
1.50791, 0.00050, 14406.60, 731.60, 1
1.50881, 0.00045, 14244.00, 402.70, 1
1.50981, 0.00050, 14607.70, 423.30, 1
1.51081, 0.00050, 14078.50, 376.20, 1
1.51181, 0.00050, 14454.00, 365.90, 1
1.51271, 0.00045, 14314.10, 308.30, 1
1.51371, 0.00050, 14780.00, 376.60, 1
1.51471, 0.00050, 14438.10, 446.50, 1
1.51571, 0.00050, 14532.10, 359.80, 1
1.51661, 0.00045, 14670.40, 656.80, 1
1.51761, 0.00050, 13757.80, 333.40, 1
1.51861, 0.00050, 14178.20, 299.30, 1
1.51962, 0.00050, 14381.30, 355.50, 1
1.52052, 0.00045, 14713.80, 362.20, 1
1.52152, 0.00050, 14316.00, 473.10, 1
1.52252, 0.00050, 14026.40, 328.30, 1
1.52352, 0.00050, 14149.20, 502.20, 1
1.52442, 0.00045, 14158.30, 502.40, 1
1.52542, 0.00050, 14554.40, 459.30, 1
1.52642, 0.00050, 13831.80, 413.50, 1
1.52742, 0.00050, 14446.80, 413.30, 1
1.52832, 0.00045, 14482.90, 449.20, 1
1.52932, 0.00050, 14561.20, 366.20, 1
1.53032, 0.00050, 14146.60, 372.00, 1
1.53132, 0.00050, 14385.80, 344.00, 1
1.53222, 0.00045, 13867.40, 462.50, 1
1.53322, 0.00050, 14098.00, 448.40, 1
1.53422, 0.00050, 14533.20, 383.40, 1
1.53522, 0.00050, 14102.00, 404.50, 1
1.53612, 0.00045, 14200.30, 404.20, 1
1.53712, 0.00050, 14383.80, 365.50, 1
1.53812, 0.00050, 14283.70, 354.80, 1
1.53912, 0.00050, 14075.60, 377.00, 1
1.54002, 0.00045, 14061.80, 309.30, 1
1.54102, 0.00050, 13533.10, 325.80, 1
1.54202, 0.00050, 14903.40, 320.20, 1
1.54302, 0.00050, 13947.80, 1984.60, 1
1.54402, 0.00050, 14105.80, 321.20, 1
1.54492, 0.00045, 14426.70, 392.10, 1
1.54592, 0.00050, 14291.60, 446.50, 1
1.54692, 0.00050, 13865.50, 384.80, 1
1.54792, 0.00050, 14563.20, 374.60, 1
1.54882, 0.00045, 14955.30, 405.20, 1
1.54982, 0.00050, 14556.50, 444.70, 1
1.55082, 0.00050, 14233.30, 433.10, 1
1.55182, 0.00050, 14345.50, 415.80, 1
1.55272, 0.00045, 13223.40, 904.60, 1
1.55372, 0.00050, 14135.30, 419.70, 1
1.55472, 0.00050, 14543.90, 368.90, 1
1.55573, 0.00050, 14309.70, 455.80, 1
1.55673, 0.00050, 14454.60, 337.30, 1
1.55763, 0.00045, 15123.70, 394.50, 1
1.55863, 0.00050, 14802.90, 433.60, 1
1.55963, 0.00050, 14322.20, 394.50, 1
1.56063, 0.00050, 14376.10, 444.60, 1
1.56153, 0.00045, 14232.40, 390.60, 1
1.56253, 0.00050, 14005.10, 458.80, 1
1.56353, 0.00050, 13832.20, 459.40, 1
1.56453, 0.00050, 13829.50, 386.20, 1
1.56543, 0.00045, 14263.80, 457.90, 1
1.56643, 0.00050, 14290.50, 348.10, 1
1.56743, 0.00050, 14477.40, 400.20, 1
1.56843, 0.00050, 14254.30, 445.50, 1
1.56943, 0.00050, 14250.60, 751.90, 1
1.57033, 0.00045, 13955.20, 464.50, 1
1.57133, 0.00050, 14255.50, 357.20, 1
1.57233, 0.00050, 14281.00, 387.50, 1
1.57333, 0.00050, 14570.90, 396.30, 1
1.57423, 0.00045, 14135.40, 381.80, 1
1.57523, 0.00050, 14549.50, 472.10, 1
1.57623, 0.00050, 14087.20, 353.80, 1
1.57723, 0.00050, 13475.40, 678.20, 1
1.57823, 0.00050, 14646.50, 421.10, 1
1.57913, 0.00045, 13963.30, 400.80, 1
1.58013, 0.00050, 14722.80, 457.30, 1
1.58113, 0.00050, 14631.40, 354.40, 1
1.58213, 0.00050, 14047.20, 420.00, 1
1.58303, 0.00045, 14358.60, 600.20, 1
1.58403, 0.00050, 14464.00, 443.70, 1
1.58503, 0.00050, 14520.80, 463.60, 1
1.58603, 0.00050, 13748.70, 381.00, 1
1.58703, 0.00050, 13873.20, 422.10, 1
1.58793, 0.00045, 13934.30, 389.60, 1
1.58893, 0.00050, 14050.20, 425.70, 1
1.58993, 0.00050, 14219.80, 438.70, 1
1.59093, 0.00050, 14717.50, 392.70, 1
1.59183, 0.00045, 13713.20, 412.70, 1
1.59284, 0.00050, 14646.60, 593.00, 1
1.59384, 0.00050, 13992.20, 1336.10, 1
1.59484, 0.00050, 14111.30, 458.50, 1
1.59584, 0.00050, 13889.70, 466.50, 1
1.59674, 0.00045, 14081.40, 440.80, 1
1.59774, 0.00050, 14033.90, 436.10, 1
1.59874, 0.00050, 14149.70, 464.20, 1
1.59974, 0.00050, 14110.40, 419.10, 1
1.60074, 0.00050, 14309.30, 434.50, 1
1.60164, 0.00045, 14233.70, 484.30, 1
1.60264, 0.00050, 14716.30, 393.80, 1
1.60364, 0.00050, 14363.00, 489.80, 1
1.60464, 0.00050, 15020.50, 470.80, 1
1.60554, 0.00045, 14538.10, 367.90, 1
1.60654, 0.00050, 13364.90, 695.20, 1
1.60754, 0.00050, 13607.10, 442.00, 1
1.60854, 0.00050, 14525.90, 443.50, 1
1.60954, 0.00050, 14363.20, 354.00, 1
1.61044, 0.00045, 14946.50, 457.40, 1
1.61144, 0.00050, 14055.30, 347.80, 1
1.61244, 0.00050, 14097.30, 395.40, 1
1.61344, 0.00050, 14039.80, 373.20, 1
1.61444, 0.00050, 14425.60, 367.00, 1
1.61534, 0.00045, 14379.40, 489.60, 1
1.61634, 0.00050, 14028.80, 547.10, 1
1.61734, 0.00050, 14558.90, 416.80, 1
1.61834, 0.00050, 14426.10, 472.70, 1
1.61934, 0.00050, 14911.10, 447.20, 1
1.62024, 0.00045, 14780.60, 413.30, 1
1.62124, 0.00050, 14154.80, 448.00, 1
1.62224, 0.00050, 14229.60, 419.70, 1
1.62324, 0.00050, 13791.60, 331.90, 1
1.62414, 0.00045, 14440.10, 508.70, 1
1.62514, 0.00050, 14514.50, 391.70, 1
1.62614, 0.00050, 14039.50, 412.70, 1
1.62714, 0.00050, 14505.90, 428.80, 1
1.62814, 0.00050, 14338.50, 447.60, 1
1.62904, 0.00045, 13522.50, 717.90, 1
1.63005, 0.00050, 14072.90, 396.90, 1
1.63105, 0.00050, 14545.30, 474.50, 1
1.63205, 0.00050, 13787.40, 427.20, 1
1.63305, 0.00050, 14313.90, 464.10, 1
1.63395, 0.00045, 13849.80, 489.00, 1
1.63495, 0.00050, 13712.20, 558.90, 1
1.63595, 0.00050, 13808.70, 507.30, 1
1.63695, 0.00050, 14007.50, 431.70, 1
1.63795, 0.00050, 13850.90, 391.30, 1
1.63885, 0.00045, 13965.10, 421.80, 1
1.63985, 0.00050, 14178.00, 502.60, 1
1.64085, 0.00050, 14077.20, 446.20, 1
1.64185, 0.00050, 14137.40, 445.60, 1
1.64285, 0.00050, 13931.50, 356.20, 1
1.64375, 0.00045, 14137.40, 382.10, 1
1.64475, 0.00050, 14871.50, 555.20, 1
1.64575, 0.00050, 14090.80, 479.90, 1
1.64675, 0.00050, 13548.80, 429.60, 1
1.64775, 0.00050, 14102.10, 731.30, 1
1.64865, 0.00045, 14394.70, 362.90, 1
1.64965, 0.00050, 13409.30, 564.60, 1
1.65065, 0.00050, 14633.80, 491.00, 1
1.65165, 0.00050, 14042.90, 358.70, 1
1.65265, 0.00050, 14980.40, 433.90, 1
1.65355, 0.00045, 13757.80, 412.20, 1
1.65455, 0.00050, 13850.80, 502.50, 1
1.65555, 0.00050, 14328.80, 459.90, 1
1.65655, 0.00050, 14331.00, 409.60, 1
1.65755, 0.00050, 14178.20, 387.90, 1
1.65845, 0.00045, 14542.70, 363.50, 1
1.65945, 0.00050, 13866.40, 466.30, 1
1.66045, 0.00050, 13788.80, 443.50, 1
1.66145, 0.00050, 14240.60, 449.20, 1
1.66245, 0.00050, 14021.60, 452.90, 1
1.66335, 0.00045, 14131.30, 499.40, 1
1.66435, 0.00050, 14231.10, 509.60, 1
1.66535, 0.00050, 14510.00, 440.30, 1
1.66636, 0.00050, 14347.60, 400.30, 1
1.66736, 0.00050, 13816.00, 422.70, 1
1.66826, 0.00045, 13848.90, 618.40, 1
1.66926, 0.00050, 14567.20, 453.90, 1
1.67026, 0.00050, 13982.70, 441.00, 1
1.67126, 0.00050, 14670.70, 546.40, 1
1.67226, 0.00050, 14503.00, 610.00, 1
1.67316, 0.00045, 13940.20, 494.10, 1
1.67416, 0.00050, 13492.30, 404.00, 1
1.67516, 0.00050, 14388.40, 441.20, 1
1.67616, 0.00050, 13871.80, 384.20, 1
1.67716, 0.00050, 14684.50, 534.10, 1
1.67806, 0.00045, 14077.30, 477.00, 1
1.67906, 0.00050, 14799.00, 468.00, 1
1.68006, 0.00050, 13766.60, 368.00, 1
1.68106, 0.00050, 14503.70, 626.30, 1
1.68206, 0.00050, 14236.40, 527.90, 1
1.68306, 0.00050, 13870.40, 511.70, 1
1.68396, 0.00045, 14371.40, 435.00, 1
1.68496, 0.00050, 14031.50, 430.60, 1
1.68596, 0.00050, 14121.50, 406.00, 1
1.68696, 0.00050, 13769.40, 464.40, 1
1.68796, 0.00050, 14630.70, 395.20, 1
1.68886, 0.00045, 13422.80, 545.40, 1
1.68986, 0.00050, 14327.50, 444.80, 1
1.69086, 0.00050, 14065.30, 453.50, 1
1.69186, 0.00050, 14073.90, 446.60, 1
1.69286, 0.00050, 13855.80, 377.70, 1
1.69376, 0.00045, 14771.60, 471.20, 1
1.69476, 0.00050, 13797.50, 437.30, 1
1.69576, 0.00050, 13618.30, 382.00, 1
1.69676, 0.00050, 14423.60, 582.60, 1
1.69776, 0.00050, 14169.10, 453.50, 1
1.69866, 0.00045, 14505.20, 443.10, 1
1.69966, 0.00050, 14115.80, 456.80, 1
1.70066, 0.00050, 14367.90, 518.70, 1
1.70166, 0.00050, 14275.80, 419.30, 1
1.70266, 0.00050, 14333.30, 490.60, 1
1.70367, 0.00050, 14273.90, 549.50, 1
1.70457, 0.00045, 14339.60, 433.10, 1
1.70557, 0.00050, 14100.40, 477.90, 1
1.70657, 0.00050, 14235.50, 480.90, 1
1.70757, 0.00050, 14035.60, 461.60, 1
1.70857, 0.00050, 14489.90, 461.90, 1
1.70947, 0.00045, 14391.90, 475.30, 1
1.71047, 0.00050, 14803.00, 565.00, 1
1.71147, 0.00050, 14092.00, 482.70, 1
1.71247, 0.00050, 14710.10, 395.20, 1
1.71347, 0.00050, 13689.90, 420.90, 1
1.71437, 0.00045, 14994.70, 2047.40, 1
1.71537, 0.00050, 14330.40, 525.50, 1
1.71637, 0.00050, 14351.50, 486.20, 1
1.71737, 0.00050, 13737.20, 479.70, 1
1.71837, 0.00050, 15276.60, 445.50, 1
1.71937, 0.00050, 14719.10, 605.90, 1
1.72027, 0.00045, 14309.90, 458.10, 1
1.72127, 0.00050, 14227.60, 500.80, 1
1.72227, 0.00050, 14685.00, 514.70, 1
1.72327, 0.00050, 14420.10, 450.30, 1
1.72427, 0.00050, 14308.60, 534.20, 1
1.72517, 0.00045, 14288.10, 477.70, 1
1.72617, 0.00050, 14286.40, 505.70, 1
1.72717, 0.00050, 14849.00, 524.10, 1
1.72817, 0.00050, 14654.90, 418.00, 1
1.72917, 0.00050, 14404.20, 520.30, 1
1.73017, 0.00050, 14295.40, 499.20, 1
1.73107, 0.00045, 14647.10, 525.00, 1
1.73207, 0.00050, 13948.50, 508.80, 1
1.73307, 0.00050, 14596.40, 494.00, 1
1.73407, 0.00050, 14100.90, 465.10, 1
1.73507, 0.00050, 14516.50, 482.50, 1
1.73597, 0.00045, 14432.90, 488.50, 1
1.73697, 0.00050, 15242.90, 464.10, 1
1.73797, 0.00050, 14200.00, 549.20, 1
1.73897, 0.00050, 14026.20, 520.70, 1
1.73998, 0.00051, 15147.50, 449.50, 1
1.74098, 0.00050, 13912.70, 590.30, 1
1.74188, 0.00045, 14324.40, 454.20, 1
1.74288, 0.00050, 15045.30, 515.20, 1
1.74388, 0.00050, 14811.30, 521.30, 1
1.74488, 0.00050, 14320.00, 417.80, 1
1.74588, 0.00050, 13124.90, 515.50, 1
1.74678, 0.00045, 13433.00, 482.80, 1
1.74778, 0.00050, 14343.90, 482.80, 1
1.74878, 0.00050, 14115.70, 459.40, 1
1.74978, 0.00050, 14162.90, 542.70, 1
1.75078, 0.00050, 14217.60, 747.60, 1
1.75178, 0.00050, 14157.00, 486.30, 1
1.75268, 0.00045, 14579.70, 628.40, 1
1.75368, 0.00050, 14674.00, 530.30, 1
1.75468, 0.00050, 15166.50, 537.10, 1
1.75568, 0.00050, 13818.50, 508.30, 1
1.75668, 0.00050, 13828.00, 516.90, 1
1.75758, 0.00045, 13575.80, 590.30, 1
1.75858, 0.00050, 14501.90, 537.60, 1
1.75958, 0.00050, 13647.80, 499.10, 1
1.76058, 0.00050, 14077.80, 418.40, 1
1.76158, 0.00050, 13480.20, 554.70, 1
1.76258, 0.00050, 14016.10, 562.10, 1
1.76348, 0.00045, 14245.10, 486.30, 1
1.76448, 0.00050, 14429.20, 552.00, 1
1.76548, 0.00050, 14874.60, 530.50, 1
1.76648, 0.00050, 13528.80, 506.20, 1
1.76748, 0.00050, 13742.60, 496.80, 1
1.76838, 0.00045, 14036.00, 601.70, 1
1.76938, 0.00050, 15139.00, 530.80, 1
1.77038, 0.00050, 14282.10, 530.40, 1
1.77138, 0.00050, 13949.10, 511.60, 1
1.77238, 0.00050, 14539.20, 482.90, 1
1.77338, 0.00050, 14694.90, 536.90, 1
1.77428, 0.00045, 13734.60, 522.90, 1
1.77528, 0.00050, 14233.70, 519.00, 1
1.77628, 0.00050, 14531.80, 571.10, 1
1.77729, 0.00050, 14755.40, 546.40, 1
1.77829, 0.00050, 14307.70, 609.40, 1
1.77929, 0.00050, 12986.20, 508.50, 1
1.78019, 0.00045, 14516.70, 487.70, 1
1.78119, 0.00050, 14476.80, 663.70, 1
1.78219, 0.00050, 14416.90, 501.80, 1
1.78319, 0.00050, 14727.00, 534.00, 1
1.78419, 0.00050, 13646.10, 494.40, 1
1.78509, 0.00045, 14356.60, 545.20, 1
1.78609, 0.00050, 15142.90, 580.30, 1
1.78709, 0.00050, 14224.00, 530.40, 1
1.78809, 0.00050, 13664.10, 469.50, 1
1.78909, 0.00050, 14334.70, 443.00, 1
1.79009, 0.00050, 14977.20, 522.60, 1
1.79099, 0.00045, 13597.00, 487.30, 1
1.79199, 0.00050, 14873.70, 519.80, 1
1.79299, 0.00050, 14002.60, 460.90, 1
1.79399, 0.00050, 13751.00, 541.60, 1
1.79599, 0.00100, 14401.30, 523.90, 1
1.79689, 0.00045, 14183.10, 569.30, 1
1.79789, 0.00050, 14575.50, 606.00, 1
1.79889, 0.00050, 14070.30, 552.40, 1
1.79989, 0.00050, 14494.70, 701.30, 1
1.80089, 0.00050, 14412.80, 655.70, 1
1.80179, 0.00045, 14796.50, 531.10, 1
1.80279, 0.00050, 14306.40, 517.30, 1
1.80379, 0.00050, 14269.40, 487.00, 1
1.80479, 0.00050, 14752.90, 514.10, 1
1.80579, 0.00050, 13938.10, 646.10, 1
1.80679, 0.00050, 13650.70, 592.40, 1
1.80769, 0.00045, 13804.90, 586.00, 1
1.80869, 0.00050, 14624.90, 443.60, 1
1.80969, 0.00050, 13732.70, 473.00, 1
1.81069, 0.00050, 14695.70, 582.30, 1
1.81169, 0.00050, 14135.50, 639.60, 1
1.81269, 0.00050, 13844.00, 503.90, 1
1.81360, 0.00046, 15079.70, 539.90, 1
1.81460, 0.00050, 14285.60, 500.10, 1
1.81560, 0.00050, 13854.50, 531.50, 1
1.81660, 0.00050, 14335.00, 569.30, 1
1.81760, 0.00050, 15286.20, 594.60, 1
1.81860, 0.00050, 14582.80, 583.00, 1
1.81950, 0.00045, 14448.10, 536.30, 1
1.82050, 0.00050, 14648.20, 607.90, 1
1.82150, 0.00050, 15483.20, 590.60, 1
1.82250, 0.00050, 14357.60, 521.50, 1
1.82350, 0.00050, 14791.70, 489.80, 1
1.82450, 0.00050, 14915.80, 544.30, 1
1.82540, 0.00045, 14565.30, 540.30, 1
1.82640, 0.00050, 15054.80, 578.00, 1
1.82740, 0.00050, 14439.50, 633.60, 1
1.82840, 0.00050, 14850.90, 586.10, 1
1.82940, 0.00050, 15326.30, 655.80, 1
1.83030, 0.00045, 14626.60, 509.60, 1
1.83130, 0.00050, 14185.20, 508.10, 1
1.83230, 0.00050, 15234.80, 564.50, 1
1.83330, 0.00050, 14398.50, 492.40, 1
1.83430, 0.00050, 14390.80, 561.90, 1
1.83530, 0.00050, 14844.20, 610.70, 1
1.83620, 0.00045, 14295.20, 478.20, 1
1.83720, 0.00050, 15104.00, 483.50, 1
1.83820, 0.00050, 14365.20, 602.70, 1
1.83920, 0.00050, 12694.60, 1150.10, 1
1.84020, 0.00050, 14310.10, 485.30, 1
1.84120, 0.00050, 15118.80, 551.00, 1
1.84210, 0.00045, 14261.70, 538.50, 1
1.84310, 0.00050, 14775.20, 717.10, 1
1.84410, 0.00050, 14193.50, 549.40, 1
1.84510, 0.00050, 14015.80, 505.50, 1
1.84610, 0.00050, 13528.00, 656.60, 1
1.84710, 0.00050, 14878.20, 613.30, 1
1.84800, 0.00045, 14357.10, 544.20, 1
1.84900, 0.00050, 15228.40, 548.50, 1
1.85001, 0.00050, 14000.30, 593.00, 1
1.85101, 0.00050, 14475.70, 582.60, 1
1.85201, 0.00050, 14102.50, 525.90, 1
1.85301, 0.00050, 15095.50, 589.40, 1
1.85391, 0.00045, 15094.90, 505.40, 1
1.85491, 0.00050, 15108.90, 590.00, 1
1.85591, 0.00050, 15073.60, 540.90, 1
1.85691, 0.00050, 14472.40, 563.80, 1
1.85791, 0.00050, 15075.30, 561.80, 1
1.85891, 0.00050, 14692.60, 626.40, 1
1.85981, 0.00045, 14337.40, 600.70, 1
1.86081, 0.00050, 15044.20, 619.80, 1
1.86181, 0.00050, 14552.00, 534.60, 1
1.86281, 0.00050, 14424.90, 506.60, 1
1.86381, 0.00050, 15130.60, 635.00, 1
1.86471, 0.00045, 14109.40, 569.20, 1
1.86571, 0.00050, 14057.30, 583.30, 1
1.86671, 0.00050, 14742.10, 553.20, 1
1.86771, 0.00050, 14281.60, 663.50, 1
1.86871, 0.00050, 13810.40, 523.40, 1
1.86971, 0.00050, 14529.70, 613.00, 1
1.87061, 0.00045, 14679.10, 586.70, 1
1.87161, 0.00050, 14434.60, 612.00, 1
1.87261, 0.00050, 14058.30, 615.80, 1
1.87361, 0.00050, 14546.00, 756.80, 1
1.87461, 0.00050, 14274.20, 606.70, 1
1.87561, 0.00050, 14585.40, 693.90, 1
1.87651, 0.00045, 14769.90, 709.40, 1
1.87751, 0.00050, 15124.70, 745.30, 1
1.87851, 0.00050, 13859.10, 573.00, 1
1.87951, 0.00050, 14751.60, 738.30, 1
1.88051, 0.00050, 14208.20, 554.30, 1
1.88151, 0.00050, 15299.70, 598.60, 1
1.88241, 0.00045, 14636.60, 451.20, 1
1.88341, 0.00050, 15368.00, 510.70, 1
1.88441, 0.00050, 15381.40, 610.00, 1
1.88541, 0.00050, 13987.00, 575.90, 1
1.88641, 0.00050, 15389.30, 690.30, 1
1.88742, 0.00051, 15002.90, 593.10, 1
1.88832, 0.00045, 13997.60, 621.90, 1
1.88932, 0.00050, 14452.50, 723.50, 1
1.89032, 0.00050, 13909.10, 676.60, 1
1.89132, 0.00050, 14115.40, 587.20, 1
1.89232, 0.00050, 14597.90, 549.70, 1
1.89332, 0.00050, 14237.00, 657.10, 1
1.89422, 0.00045, 14866.60, 539.60, 1
1.89522, 0.00050, 14492.50, 589.10, 1
1.89622, 0.00050, 14637.30, 569.70, 1
1.89722, 0.00050, 14521.40, 546.20, 1
1.89822, 0.00050, 13833.00, 573.00, 1
1.89922, 0.00050, 13916.60, 579.30, 1
1.90012, 0.00045, 14997.80, 640.90, 1
1.90112, 0.00050, 15156.90, 634.20, 1
1.90212, 0.00050, 13361.80, 591.80, 1
1.90312, 0.00050, 15361.60, 644.60, 1
1.90412, 0.00050, 14887.80, 576.50, 1
1.90512, 0.00050, 13819.40, 650.10, 1
1.90602, 0.00045, 14196.50, 643.00, 1
1.90702, 0.00050, 15615.90, 635.20, 1
1.90802, 0.00050, 14392.90, 589.70, 1
1.90902, 0.00050, 14710.30, 598.30, 1
1.91002, 0.00050, 14378.00, 529.20, 1
1.91102, 0.00050, 15500.90, 550.80, 1
1.91192, 0.00045, 13477.30, 561.10, 1
1.91292, 0.00050, 14704.60, 647.10, 1
1.91392, 0.00050, 14828.90, 575.40, 1
1.91492, 0.00050, 14340.60, 584.40, 1
1.91592, 0.00050, 14072.20, 603.40, 1
1.91692, 0.00050, 14313.50, 577.00, 1
1.91782, 0.00045, 14122.30, 601.40, 1
1.91882, 0.00050, 14872.00, 553.50, 1
1.91982, 0.00050, 14566.40, 577.00, 1
1.92082, 0.00050, 14323.90, 1427.20, 1
1.92182, 0.00050, 14508.00, 599.00, 1
1.92282, 0.00050, 14875.00, 582.80, 1
1.92373, 0.00045, 13993.10, 629.70, 1
1.92473, 0.00050, 15887.00, 596.00, 1
1.92573, 0.00050, 15735.70, 623.00, 1
1.92673, 0.00050, 14712.70, 614.90, 1
1.92773, 0.00050, 15031.60, 559.10, 1
1.92873, 0.00050, 15403.40, 605.70, 1
1.92963, 0.00045, 14053.00, 735.90, 1
1.93063, 0.00050, 14222.50, 631.80, 1
1.93163, 0.00050, 15109.80, 697.30, 1
1.93263, 0.00050, 14173.70, 665.30, 1
1.93363, 0.00050, 14860.40, 761.10, 1
1.93463, 0.00050, 14303.30, 631.80, 1
1.93553, 0.00045, 14509.20, 582.20, 1
1.93653, 0.00050, 14204.50, 626.60, 1
1.93753, 0.00050, 14179.00, 629.40, 1
1.93853, 0.00050, 15498.50, 787.40, 1
1.93953, 0.00050, 15209.80, 657.00, 1
1.94053, 0.00050, 15138.80, 744.80, 1
1.94143, 0.00045, 14963.00, 831.10, 1
1.94243, 0.00050, 14250.20, 654.00, 1
1.94343, 0.00050, 14454.70, 715.30, 1
1.94443, 0.00050, 14450.80, 704.90, 1
1.94543, 0.00050, 14120.40, 658.30, 1
1.94643, 0.00050, 14398.20, 569.30, 1
1.94733, 0.00045, 13022.80, 579.00, 1
1.94833, 0.00050, 15113.30, 667.10, 1
1.94933, 0.00050, 13611.90, 633.40, 1
1.95033, 0.00050, 15308.40, 698.20, 1
1.95133, 0.00050, 14446.50, 627.20, 1
1.95233, 0.00050, 15503.70, 672.80, 1
1.95323, 0.00045, 14894.50, 584.80, 1
1.95423, 0.00050, 16014.50, 625.60, 1
1.95523, 0.00050, 13985.50, 745.60, 1
1.95623, 0.00050, 15035.30, 678.80, 1
1.95723, 0.00050, 14408.70, 634.10, 1
1.95823, 0.00050, 15012.20, 640.20, 1
1.95913, 0.00045, 14458.70, 586.70, 1
1.96014, 0.00050, 14521.80, 587.70, 1
1.96114, 0.00050, 14428.70, 609.40, 1
1.96214, 0.00050, 14290.00, 697.10, 1
1.96314, 0.00050, 14762.40, 647.60, 1
1.96414, 0.00050, 14549.10, 616.70, 1
1.96504, 0.00045, 14405.60, 673.30, 1
1.96604, 0.00050, 15167.00, 685.00, 1
1.96704, 0.00050, 15876.30, 627.70, 1
1.96804, 0.00050, 15230.30, 623.90, 1
1.96904, 0.00050, 14627.70, 654.70, 1
1.97004, 0.00050, 15161.50, 586.60, 1
1.97094, 0.00045, 14540.00, 648.10, 1
1.97194, 0.00050, 15388.90, 665.20, 1
1.97294, 0.00050, 14796.10, 558.50, 1
1.97394, 0.00050, 13872.90, 785.70, 1
1.97494, 0.00050, 16151.30, 763.00, 1
1.97594, 0.00050, 14619.10, 698.80, 1
1.97684, 0.00045, 14062.80, 583.40, 1
1.97784, 0.00050, 15392.50, 613.40, 1
1.97884, 0.00050, 14675.30, 637.80, 1
1.97984, 0.00050, 14166.90, 790.70, 1
1.98084, 0.00050, 14418.10, 740.70, 1
1.98184, 0.00050, 15522.20, 707.90, 1
1.98274, 0.00045, 13956.50, 639.50, 1
1.98374, 0.00050, 14417.10, 699.20, 1
1.98474, 0.00050, 14986.20, 622.90, 1
1.98574, 0.00050, 14187.70, 641.70, 1
1.98674, 0.00050, 14348.10, 672.00, 1
1.98774, 0.00050, 14800.30, 650.80, 1
1.98864, 0.00045, 14803.30, 770.50, 1
1.98964, 0.00050, 14447.70, 653.10, 1
1.99064, 0.00050, 13809.10, 655.30, 1
1.99164, 0.00050, 15216.10, 696.10, 1
1.99264, 0.00050, 14605.90, 659.60, 1
1.99364, 0.00050, 15793.10, 728.30, 1
1.99454, 0.00045, 15379.40, 686.10, 1
1.99554, 0.00050, 13815.90, 689.30, 1
1.99654, 0.00050, 13735.90, 690.50, 1
1.99755, 0.00050, 14759.10, 777.70, 1
1.99855, 0.00050, 15201.30, 715.20, 1
1.99955, 0.00050, 16051.10, 696.40, 1
2.00045, 0.00045, 14090.60, 689.20, 1
2.00145, 0.00050, 14997.40, 716.20, 1
2.00245, 0.00050, 15218.90, 772.20, 1
2.00345, 0.00050, 15908.70, 643.90, 1
2.00445, 0.00050, 15193.60, 649.40, 1
2.00545, 0.00050, 15404.10, 739.80, 1
2.00635, 0.00045, 15072.80, 663.60, 1
2.00735, 0.00050, 13874.40, 689.20, 1
2.00835, 0.00050, 16103.90, 738.30, 1
2.00935, 0.00050, 14284.70, 649.20, 1
2.01035, 0.00050, 15619.80, 815.80, 1
2.01135, 0.00050, 16003.20, 744.10, 1
2.01225, 0.00045, 14246.60, 662.20, 1
2.01325, 0.00050, 14731.80, 684.70, 1
2.01425, 0.00050, 13856.10, 678.90, 1
2.01525, 0.00050, 14782.40, 614.00, 1
2.01625, 0.00050, 16017.60, 633.90, 1
2.01725, 0.00050, 13645.80, 711.60, 1
2.01815, 0.00045, 14218.40, 679.70, 1
2.01915, 0.00050, 14878.40, 736.30, 1
2.02015, 0.00050, 13582.70, 719.20, 1
2.02115, 0.00050, 14577.70, 697.90, 1
2.02215, 0.00050, 15499.90, 658.20, 1
2.02315, 0.00050, 14842.30, 672.30, 1
2.02405, 0.00045, 13920.40, 737.40, 1
2.02505, 0.00050, 13995.90, 701.60, 1
2.02605, 0.00050, 16121.50, 660.40, 1
2.02705, 0.00050, 14275.30, 714.70, 1
2.02805, 0.00050, 13770.00, 702.20, 1
2.02905, 0.00050, 14008.10, 796.50, 1
2.02995, 0.00045, 14534.20, 713.10, 1
2.03095, 0.00050, 14949.90, 763.80, 1
2.03195, 0.00050, 14642.30, 757.40, 1
2.03295, 0.00050, 14292.90, 713.80, 1
2.03396, 0.00050, 14123.30, 682.00, 1
2.03496, 0.00050, 15357.30, 671.60, 1
2.03586, 0.00045, 13018.90, 700.00, 1
2.03686, 0.00050, 14608.50, 667.80, 1
2.03786, 0.00050, 14267.70, 658.70, 1
2.03886, 0.00050, 13978.50, 674.80, 1
2.03986, 0.00050, 14001.70, 705.70, 1
2.04086, 0.00050, 14288.30, 761.00, 1
2.04176, 0.00045, 14450.60, 733.80, 1
2.04276, 0.00050, 15425.50, 816.50, 1
2.04376, 0.00050, 14695.10, 813.30, 1
2.04476, 0.00050, 14472.30, 645.50, 1
2.04576, 0.00050, 14365.00, 941.60, 1
2.04676, 0.00050, 13720.60, 707.80, 1
2.04766, 0.00045, 13757.70, 622.00, 1
2.04866, 0.00050, 15591.20, 718.50, 1
2.04966, 0.00050, 15314.50, 748.10, 1
2.05066, 0.00050, 14565.60, 629.50, 1
2.05166, 0.00050, 13482.10, 702.20, 1
2.05266, 0.00050, 14216.50, 768.90, 1
2.05356, 0.00045, 13445.00, 754.90, 1
2.05456, 0.00050, 15357.40, 798.30, 1
2.05556, 0.00050, 14074.40, 616.50, 1
2.05656, 0.00050, 15567.50, 659.30, 1
2.05756, 0.00050, 14656.30, 746.90, 1
2.05856, 0.00050, 14025.50, 727.80, 1
2.05946, 0.00045, 13950.10, 739.70, 1
2.06046, 0.00050, 14912.20, 711.80, 1
2.06146, 0.00050, 14183.90, 727.50, 1
2.06246, 0.00050, 14354.00, 771.40, 1
2.06346, 0.00050, 14567.70, 733.00, 1
2.06446, 0.00050, 14691.70, 948.70, 1
2.06536, 0.00045, 13373.40, 755.50, 1
2.06636, 0.00050, 14208.60, 884.40, 1
2.06736, 0.00050, 14599.50, 705.40, 1
2.06836, 0.00050, 14054.60, 720.90, 1
2.06936, 0.00050, 13481.20, 1044.00, 1
2.07037, 0.00050, 15135.70, 744.70, 1
2.07127, 0.00045, 14046.20, 693.90, 1
2.07227, 0.00050, 14502.80, 695.80, 1
2.07327, 0.00050, 13843.00, 830.20, 1
2.07427, 0.00050, 13952.00, 766.10, 1
2.07527, 0.00050, 13244.20, 742.30, 1
2.07627, 0.00050, 14198.50, 735.60, 1
2.07717, 0.00045, 14243.30, 776.70, 1
2.07817, 0.00050, 15014.60, 744.90, 1
2.07917, 0.00050, 13844.60, 1374.00, 1
2.08017, 0.00050, 14670.70, 726.10, 1
2.08117, 0.00050, 14898.10, 827.00, 1
2.08217, 0.00050, 15450.00, 783.70, 1
2.08307, 0.00045, 12774.70, 678.60, 1
2.08407, 0.00050, 14808.50, 683.80, 1
2.08507, 0.00050, 12623.50, 706.70, 1
2.08607, 0.00050, 13272.80, 731.80, 1
2.08707, 0.00050, 13915.10, 749.70, 1
2.08807, 0.00050, 13928.70, 846.50, 1
2.08897, 0.00045, 14469.80, 673.40, 1
2.08997, 0.00050, 13110.10, 738.80, 1
2.09097, 0.00050, 14684.50, 852.50, 1
2.09197, 0.00050, 14314.30, 737.50, 1
2.09297, 0.00050, 13920.00, 735.80, 1
2.09397, 0.00050, 14283.30, 734.10, 1
2.09487, 0.00045, 14951.80, 816.10, 1
2.09587, 0.00050, 14170.10, 794.30, 1
2.09687, 0.00050, 13614.90, 740.20, 1
2.09787, 0.00050, 14241.10, 785.30, 1
2.09887, 0.00050, 14804.90, 845.30, 1
2.09987, 0.00050, 14625.40, 784.40, 1
2.10077, 0.00045, 14276.60, 806.90, 1
2.10177, 0.00050, 13852.30, 736.00, 1
2.10277, 0.00050, 14409.60, 809.80, 1
2.10377, 0.00050, 14102.60, 661.30, 1
2.10477, 0.00050, 13601.10, 946.20, 1
2.10577, 0.00050, 13963.40, 728.10, 1
2.10667, 0.00045, 14516.50, 723.10, 1
2.10768, 0.00051, 14382.10, 719.10, 1
2.10868, 0.00050, 14928.10, 1146.30, 1
2.10968, 0.00050, 14811.00, 780.70, 1
2.11068, 0.00050, 14876.00, 777.40, 1
2.11168, 0.00050, 14282.00, 785.20, 1
2.11258, 0.00045, 13550.90, 723.70, 1
2.11358, 0.00050, 15504.10, 773.90, 1
2.11458, 0.00050, 14466.60, 791.00, 1
2.11558, 0.00050, 14374.90, 776.10, 1
2.11658, 0.00050, 14401.20, 873.20, 1
2.11758, 0.00050, 13764.20, 847.30, 1
2.11848, 0.00045, 14687.10, 772.10, 1
2.11948, 0.00050, 14693.30, 941.60, 1
2.12048, 0.00050, 14141.20, 770.30, 1
2.12148, 0.00050, 14537.20, 768.40, 1
2.12248, 0.00050, 14534.10, 804.50, 1
2.12348, 0.00050, 15279.50, 816.30, 1
2.12438, 0.00045, 15463.60, 807.90, 1
2.12538, 0.00050, 15160.00, 714.50, 1
2.12638, 0.00050, 14456.60, 772.10, 1
2.12738, 0.00050, 14123.90, 830.70, 1
2.12838, 0.00050, 14460.00, 848.50, 1
2.12938, 0.00050, 15427.60, 872.90, 1
2.13038, 0.00050, 14458.70, 770.10, 1
2.13128, 0.00045, 14744.80, 799.90, 1
2.13228, 0.00050, 14008.90, 765.60, 1
2.13328, 0.00050, 15305.20, 951.40, 1
2.13428, 0.00050, 14732.50, 789.60, 1
2.13528, 0.00050, 14361.70, 760.20, 1
2.13628, 0.00050, 14195.80, 785.50, 1
2.13718, 0.00045, 15124.60, 902.10, 1
2.13818, 0.00050, 14036.20, 5641.30, 1
2.13918, 0.00050, 15454.20, 849.80, 1
2.14018, 0.00050, 14819.00, 811.60, 1
2.14118, 0.00050, 14607.60, 803.30, 1
2.14218, 0.00050, 15013.50, 771.70, 1
2.14308, 0.00045, 15095.40, 807.90, 1
2.14409, 0.00050, 14697.70, 695.60, 1
2.14509, 0.00050, 14326.90, 833.10, 1
2.14609, 0.00050, 15465.00, 841.40, 1
2.14709, 0.00050, 14279.50, 689.30, 1
2.14809, 0.00050, 15997.90, 749.30, 1
2.14899, 0.00045, 15547.20, 840.00, 1
2.14999, 0.00050, 14934.80, 794.10, 1
2.15099, 0.00050, 14647.10, 784.10, 1
2.15199, 0.00050, 14033.30, 831.00, 1
2.15299, 0.00050, 15148.60, 763.20, 1
2.15399, 0.00050, 16629.70, 852.40, 1
2.15489, 0.00045, 13791.50, 844.30, 1
2.15589, 0.00050, 15059.80, 795.30, 1
2.15689, 0.00050, 14521.30, 805.00, 1
2.15789, 0.00050, 14032.50, 760.90, 1
2.15889, 0.00050, 14974.80, 758.30, 1
2.15989, 0.00050, 15007.10, 836.90, 1
2.16079, 0.00045, 14421.20, 782.20, 1
2.16179, 0.00050, 14072.60, 758.80, 1
2.16279, 0.00050, 14023.30, 781.90, 1
2.16379, 0.00050, 14152.80, 742.70, 1
2.16479, 0.00050, 15167.50, 844.60, 1
2.16579, 0.00050, 14397.90, 1977.20, 1
2.16669, 0.00045, 13555.00, 835.20, 1
2.16769, 0.00050, 13881.20, 855.60, 1
2.16869, 0.00050, 13984.70, 823.10, 1
2.16969, 0.00050, 14274.80, 862.90, 1
2.17069, 0.00050, 14433.50, 892.50, 1
2.17169, 0.00050, 16053.20, 816.30, 1
2.17259, 0.00045, 16066.60, 908.50, 1
2.17359, 0.00050, 14738.10, 829.20, 1
2.17459, 0.00050, 16295.50, 959.00, 1
2.17559, 0.00050, 14642.00, 798.70, 1
2.17659, 0.00050, 14030.40, 1110.90, 1
2.17759, 0.00050, 14852.90, 841.70, 1
2.17849, 0.00045, 15565.50, 865.40, 1
2.17949, 0.00050, 15096.50, 778.40, 1
2.18050, 0.00050, 13579.60, 1406.40, 1
2.18150, 0.00050, 16012.70, 838.60, 1
2.18250, 0.00050, 14690.50, 785.40, 1
2.18350, 0.00050, 14564.20, 777.60, 1
2.18440, 0.00045, 14561.80, 773.80, 1
2.18540, 0.00050, 12185.00, 765.50, 1
2.18640, 0.00050, 14774.40, 1065.10, 1
2.18740, 0.00050, 14103.20, 835.30, 1
2.18840, 0.00050, 14138.20, 929.40, 1
2.18940, 0.00050, 13225.40, 776.10, 1
2.19030, 0.00045, 13431.70, 897.70, 1
2.19130, 0.00050, 14150.10, 864.70, 1
2.19230, 0.00050, 13307.60, 769.30, 1
2.19330, 0.00050, 15223.80, 839.00, 1
2.19430, 0.00050, 13503.70, 795.90, 1
2.19530, 0.00050, 13322.90, 819.40, 1
2.19630, 0.00050, 15143.60, 857.90, 1
2.19720, 0.00045, 15204.60, 909.00, 1
2.19820, 0.00050, 13735.90, 872.30, 1
2.19920, 0.00050, 14931.20, 1107.00, 1
2.20020, 0.00050, 14523.70, 779.50, 1
2.20120, 0.00050, 14137.80, 799.40, 1
2.20220, 0.00050, 15215.70, 913.90, 1
2.20310, 0.00045, 14843.20, 913.80, 1
2.20410, 0.00050, 14528.30, 831.70, 1
2.20510, 0.00050, 15091.10, 1478.60, 1
2.20610, 0.00050, 15649.90, 840.20, 1
2.20710, 0.00050, 15634.10, 844.70, 1
2.20810, 0.00050, 14026.10, 911.90, 1
2.20900, 0.00045, 14776.00, 800.10, 1
2.21000, 0.00050, 13847.40, 820.50, 1
2.21100, 0.00050, 14288.50, 980.10, 1
2.21200, 0.00050, 14227.80, 765.80, 1
2.21300, 0.00050, 14347.90, 840.60, 1
2.21400, 0.00050, 14550.30, 886.20, 1
2.21490, 0.00045, 14313.90, 846.20, 1
2.21590, 0.00050, 16321.30, 829.80, 1
2.21690, 0.00050, 14532.80, 853.00, 1
2.21791, 0.00050, 14854.20, 820.50, 1
2.21891, 0.00050, 13577.70, 782.40, 1
2.21991, 0.00050, 14528.10, 845.20, 1
2.22081, 0.00045, 12904.50, 783.50, 1
2.22181, 0.00050, 14214.00, 850.60, 1
2.22281, 0.00050, 15096.30, 846.30, 1
2.22381, 0.00050, 13745.60, 871.80, 1
2.22581, 0.00100, 12090.80, 809.60, 1
2.22671, 0.00045, 14993.00, 824.30, 1
2.22771, 0.00050, 13870.90, 884.70, 1
2.22871, 0.00050, 13385.70, 757.90, 1
2.22971, 0.00050, 13825.70, 870.30, 1
2.23071, 0.00050, 15076.60, 920.20, 1
2.23171, 0.00050, 14564.60, 822.00, 1
2.23271, 0.00050, 14484.80, 826.30, 1
2.23361, 0.00045, 15955.50, 881.90, 1
2.23461, 0.00050, 13961.40, 863.50, 1
2.23561, 0.00050, 13881.00, 821.20, 1
2.23661, 0.00050, 14460.60, 863.80, 1
2.23761, 0.00050, 14869.30, 887.60, 1
2.23861, 0.00050, 14793.40, 964.20, 1
2.24051, 0.00095, 14166.00, 918.30, 1
2.24151, 0.00050, 14237.00, 925.50, 1
2.24251, 0.00050, 14409.90, 901.40, 1
2.24351, 0.00050, 15251.50, 885.10, 1
2.24451, 0.00050, 15116.80, 1010.50, 1
2.24541, 0.00045, 13629.80, 831.70, 1
2.24641, 0.00050, 13424.60, 820.80, 1
2.24741, 0.00050, 13502.90, 849.30, 1
2.24841, 0.00050, 13763.00, 882.80, 1
2.24941, 0.00050, 13963.90, 795.40, 1
2.25041, 0.00050, 14357.10, 885.80, 1
2.25131, 0.00045, 14958.80, 821.70, 1
2.25231, 0.00050, 13850.00, 853.40, 1
2.25331, 0.00050, 14405.50, 926.00, 1
2.25432, 0.00050, 15262.80, 912.10, 1
2.25532, 0.00050, 14269.50, 924.80, 1
2.25632, 0.00050, 15352.60, 859.20, 1
2.25732, 0.00050, 15395.00, 861.80, 1
2.25822, 0.00045, 15494.40, 868.40, 1
2.26022, 0.00100, 13840.20, 910.40, 1
2.26122, 0.00050, 15970.40, 977.30, 1
2.26222, 0.00050, 14856.00, 942.90, 1
2.26322, 0.00050, 13529.80, 946.00, 1
2.26412, 0.00045, 14741.70, 1059.20, 1
2.26512, 0.00050, 14262.80, 932.70, 1
2.26612, 0.00050, 14878.10, 844.50, 1
2.26712, 0.00050, 14224.80, 1730.90, 1
2.26812, 0.00050, 16333.90, 818.10, 1
2.26912, 0.00050, 14374.20, 823.40, 1
2.27002, 0.00045, 15533.10, 1021.20, 1
2.27102, 0.00050, 15518.00, 892.90, 1
2.27202, 0.00050, 14393.80, 944.00, 1
2.27302, 0.00050, 14911.10, 1213.90, 1
2.27402, 0.00050, 13718.20, 947.90, 1
2.27502, 0.00050, 16241.90, 1002.80, 1
2.27602, 0.00050, 14687.40, 871.40, 1
2.27692, 0.00045, 14283.10, 985.90, 1
2.27792, 0.00050, 15416.30, 826.10, 1
2.27892, 0.00050, 13788.10, 1007.70, 1
2.27992, 0.00050, 16825.10, 925.50, 1
2.28092, 0.00050, 15355.70, 946.80, 1
2.28192, 0.00050, 14795.60, 877.80, 1
2.28282, 0.00045, 15995.80, 1020.90, 1
2.28382, 0.00050, 15076.50, 932.20, 1
2.28482, 0.00050, 13306.90, 882.80, 1
2.28582, 0.00050, 13623.30, 982.20, 1
2.28682, 0.00050, 16346.30, 938.20, 1
2.28782, 0.00050, 15275.80, 909.40, 1
2.28872, 0.00045, 15638.70, 1007.10, 1
2.28972, 0.00050, 13959.40, 957.70, 1
2.29073, 0.00050, 16484.40, 1146.00, 1
2.29173, 0.00050, 14280.90, 910.30, 1
2.29273, 0.00050, 15488.30, 958.20, 1
2.29373, 0.00050, 15340.70, 920.60, 1
2.29473, 0.00050, 14795.60, 960.60, 1
2.29563, 0.00045, 14741.10, 901.90, 1
2.29663, 0.00050, 16256.60, 944.00, 1
2.29763, 0.00050, 13959.80, 957.20, 1
2.29863, 0.00050, 14956.50, 961.80, 1
2.29963, 0.00050, 13756.10, 899.70, 1
2.30063, 0.00050, 15017.40, 899.10, 1
2.30153, 0.00045, 15852.70, 893.90, 1
2.30253, 0.00050, 16211.20, 885.40, 1
2.30353, 0.00050, 14929.40, 921.10, 1
2.30453, 0.00050, 14063.80, 981.20, 1
2.30553, 0.00050, 13372.30, 961.80, 1
2.30653, 0.00050, 15421.90, 882.80, 1
2.30753, 0.00050, 14125.40, 889.10, 1
2.30843, 0.00045, 13489.90, 864.90, 1
2.30943, 0.00050, 14108.20, 892.90, 1
2.31043, 0.00050, 14993.30, 901.50, 1
2.31143, 0.00050, 14510.40, 964.20, 1
2.31243, 0.00050, 15980.50, 951.80, 1
2.31343, 0.00050, 14026.40, 927.30, 1
2.31433, 0.00045, 16334.30, 977.50, 1
2.31533, 0.00050, 14374.00, 841.60, 1
2.31633, 0.00050, 15633.20, 980.70, 1
2.31733, 0.00050, 13993.60, 1013.80, 1
2.31833, 0.00050, 15496.40, 957.50, 1
2.31933, 0.00050, 14665.40, 900.90, 1
2.32033, 0.00050, 14558.40, 1024.40, 1
2.32123, 0.00045, 15298.60, 922.50, 1
2.32223, 0.00050, 14617.00, 939.50, 1
2.32323, 0.00050, 13714.50, 1087.20, 1
2.32423, 0.00050, 13914.50, 1225.10, 1
2.32523, 0.00050, 15643.00, 1000.00, 1
2.32623, 0.00050, 13898.50, 990.30, 1
2.32713, 0.00045, 13174.30, 1076.30, 1
2.32814, 0.00050, 15658.80, 946.40, 1
2.32914, 0.00050, 14603.40, 943.20, 1
2.33014, 0.00050, 13221.20, 990.20, 1
2.33114, 0.00050, 15248.00, 1076.40, 1
2.33214, 0.00050, 14349.50, 959.70, 1
2.33314, 0.00050, 15151.40, 958.50, 1
2.33404, 0.00045, 14305.50, 1007.30, 1
2.33504, 0.00050, 15038.60, 994.00, 1
2.33604, 0.00050, 13812.40, 1025.30, 1
2.33704, 0.00050, 14103.70, 1009.30, 1
2.33804, 0.00050, 13592.70, 930.40, 1
2.33904, 0.00050, 14693.70, 1009.40, 1
2.34004, 0.00050, 14473.10, 959.50, 1
2.34094, 0.00045, 15290.30, 1072.80, 1
2.34194, 0.00050, 14900.80, 1019.20, 1
2.34294, 0.00050, 15283.90, 1035.90, 1
2.34394, 0.00050, 14740.90, 861.70, 1
2.34494, 0.00050, 14048.40, 968.50, 1
2.34594, 0.00050, 14497.20, 976.50, 1
2.34684, 0.00045, 15439.70, 1003.40, 1
2.34784, 0.00050, 15271.40, 1091.20, 1
2.34884, 0.00050, 16372.60, 1008.00, 1
2.34984, 0.00050, 14391.30, 976.00, 1
2.35084, 0.00050, 14120.60, 1055.10, 1
2.35184, 0.00050, 15858.20, 1025.90, 1
2.35284, 0.00050, 15012.90, 1037.00, 1
2.35374, 0.00045, 15568.30, 1015.30, 1
2.35474, 0.00050, 15802.40, 918.70, 1
2.35574, 0.00050, 15320.50, 966.80, 1
2.35674, 0.00050, 14463.80, 1043.80, 1
2.35774, 0.00050, 15583.10, 1980.70, 1
2.35874, 0.00050, 15002.80, 981.40, 1
2.35974, 0.00050, 15027.80, 934.20, 1
2.36064, 0.00045, 14185.20, 954.10, 1
2.36164, 0.00050, 14843.80, 1075.70, 1
2.36264, 0.00050, 16159.20, 1042.60, 1
2.36364, 0.00050, 14754.20, 1017.60, 1
2.36465, 0.00050, 13633.80, 1133.40, 1
2.36565, 0.00050, 13589.70, 986.50, 1
2.36665, 0.00050, 13782.90, 985.10, 1
2.36755, 0.00045, 13522.40, 1070.70, 1
2.36855, 0.00050, 15999.90, 1027.90, 1
2.36955, 0.00050, 14125.00, 1004.60, 1
2.37055, 0.00050, 13995.40, 1010.50, 1
2.37155, 0.00050, 14210.80, 1012.20, 1
2.37255, 0.00050, 13303.60, 935.80, 1
2.37355, 0.00050, 14229.00, 1012.60, 1
2.37445, 0.00045, 16855.50, 1095.00, 1
2.37545, 0.00050, 15256.20, 1009.60, 1
2.37645, 0.00050, 14449.10, 1037.10, 1
2.37745, 0.00050, 15411.00, 940.60, 1
2.37845, 0.00050, 15995.70, 1064.70, 1
2.37945, 0.00050, 13278.30, 1055.10, 1
2.38045, 0.00050, 13698.20, 1659.60, 1
2.38135, 0.00045, 15021.70, 1007.00, 1
2.38235, 0.00050, 15752.20, 1073.10, 1
2.38335, 0.00050, 14894.00, 1069.70, 1
2.38435, 0.00050, 15629.60, 1017.50, 1
2.38535, 0.00050, 16420.80, 1138.80, 1
2.38635, 0.00050, 13191.50, 986.80, 1
2.38735, 0.00050, 15901.60, 1079.50, 1
2.38825, 0.00045, 14396.70, 1057.20, 1
2.38925, 0.00050, 14427.30, 996.40, 1
2.39025, 0.00050, 15274.60, 1022.50, 1
2.39125, 0.00050, 13298.50, 1059.30, 1
2.39225, 0.00050, 13598.40, 996.40, 1
2.39325, 0.00050, 12251.80, 1041.20, 1
2.39425, 0.00050, 14802.50, 1074.80, 1
2.39515, 0.00045, 14547.70, 1118.30, 1
2.39615, 0.00050, 14522.50, 1042.30, 1
2.39715, 0.00050, 14564.70, 973.40, 1
2.39815, 0.00050, 12228.10, 1002.20, 1
2.39915, 0.00050, 14967.10, 997.80, 1
2.40015, 0.00050, 15120.20, 1058.30, 1
2.40116, 0.00050, 15074.70, 1040.70, 1
2.40206, 0.00045, 16000.70, 1173.20, 1
2.40306, 0.00050, 15240.00, 1064.10, 1
2.40406, 0.00050, 15423.40, 1091.50, 1
2.40506, 0.00050, 15012.60, 1139.60, 1
2.40606, 0.00050, 12810.10, 1115.50, 1
2.40706, 0.00050, 14694.40, 1012.40, 1
2.40806, 0.00050, 14617.00, 1036.40, 1
2.40906, 0.00050, 14293.20, 952.40, 1
2.40996, 0.00045, 14843.20, 988.80, 1
2.41096, 0.00050, 14267.50, 1195.40, 1
2.41196, 0.00050, 13292.60, 1090.80, 1
2.41296, 0.00050, 13472.50, 1176.80, 1
2.41396, 0.00050, 14996.40, 1067.60, 1
2.41496, 0.00050, 12379.60, 1101.10, 1
2.41596, 0.00050, 13215.40, 1131.80, 1
2.41686, 0.00045, 13914.90, 1145.80, 1
2.41886, 0.00100, 14477.40, 1151.40, 1
2.41986, 0.00050, 15049.40, 1070.50, 1
2.42086, 0.00050, 15239.30, 1078.90, 1
2.42186, 0.00050, 14802.20, 1051.50, 1
2.42286, 0.00050, 15015.40, 1053.20, 1
2.42386, 0.00050, 16613.80, 1139.10, 1
2.42476, 0.00045, 15219.70, 1029.20, 1
2.42576, 0.00050, 18416.10, 1119.10, 1
2.42676, 0.00050, 14842.10, 1122.30, 1
2.42776, 0.00050, 15606.10, 1125.70, 1
2.42876, 0.00050, 15112.20, 1058.10, 1
2.42976, 0.00050, 16007.20, 1208.90, 1
2.43076, 0.00050, 15819.10, 1107.50, 1
2.43166, 0.00045, 15241.30, 1166.60, 1
2.43266, 0.00050, 13898.60, 1210.20, 1
2.43366, 0.00050, 14396.70, 1061.00, 1
2.43466, 0.00050, 14710.80, 1042.80, 1
2.43566, 0.00050, 15424.50, 1111.80, 1
2.43666, 0.00050, 14285.00, 1232.00, 1
2.43767, 0.00050, 12834.60, 1065.00, 1
2.43867, 0.00050, 14419.50, 1125.40, 1
2.43957, 0.00045, 13417.10, 1176.20, 1
2.44057, 0.00050, 16708.30, 1043.10, 1
2.44157, 0.00050, 14323.00, 1197.40, 1
2.44257, 0.00050, 14197.10, 1233.30, 1
2.44357, 0.00050, 12752.20, 955.20, 1
2.44457, 0.00050, 15137.20, 1012.10, 1
2.44557, 0.00050, 13708.70, 1071.70, 1
2.44657, 0.00050, 14779.10, 1092.20, 1
2.44747, 0.00045, 13497.70, 1108.60, 1
2.44847, 0.00050, 15328.70, 1202.60, 1
2.44947, 0.00050, 15241.70, 1092.40, 1
2.45047, 0.00050, 14892.30, 1191.90, 1
2.45147, 0.00050, 15195.30, 1224.50, 1
2.45247, 0.00050, 13308.50, 1166.90, 1
2.45347, 0.00050, 14525.60, 1163.10, 1
2.45447, 0.00050, 15829.70, 1197.50, 1
2.45537, 0.00045, 13375.30, 1210.30, 1
2.45637, 0.00050, 15658.30, 1598.70, 1
2.45737, 0.00050, 16051.50, 1229.10, 1
2.45837, 0.00050, 13773.80, 1078.00, 1
2.45937, 0.00050, 13962.40, 1148.50, 1
2.46037, 0.00050, 15470.20, 1223.80, 1
2.46137, 0.00050, 12934.60, 1119.80, 1
2.46237, 0.00050, 14063.00, 1098.10, 1
2.46327, 0.00045, 14680.10, 1097.40, 1
2.46427, 0.00050, 16775.10, 1194.60, 1
2.46527, 0.00050, 13051.70, 1208.20, 1
2.46627, 0.00050, 15772.40, 1182.80, 1
2.46727, 0.00050, 14810.50, 1153.70, 1
2.46827, 0.00050, 14197.30, 1124.00, 1
2.46927, 0.00050, 14625.60, 1129.60, 1
2.47027, 0.00050, 15805.70, 1101.50, 1
2.47117, 0.00045, 16754.80, 1277.00, 1
2.47217, 0.00050, 15786.80, 1326.00, 1
2.47317, 0.00050, 14880.60, 1201.80, 1
2.47417, 0.00050, 15640.90, 1134.90, 1
2.47518, 0.00050, 14561.80, 1178.10, 1
2.47618, 0.00050, 12955.70, 1178.90, 1
2.47718, 0.00050, 13743.10, 1071.20, 1
2.47818, 0.00050, 15741.10, 1268.10, 1
2.47918, 0.00050, 15427.70, 1220.10, 1
2.48008, 0.00045, 14875.90, 1215.30, 1
2.48108, 0.00050, 17509.20, 1201.30, 1
2.48208, 0.00050, 16143.80, 1186.20, 1
2.48308, 0.00050, 16403.20, 1245.10, 1
2.48408, 0.00050, 15573.20, 1191.10, 1
2.48508, 0.00050, 15331.40, 1164.70, 1
2.48608, 0.00050, 14672.10, 1304.00, 1
2.48708, 0.00050, 15749.10, 9512.90, 1
2.48798, 0.00045, 13517.50, 1158.50, 1
2.48898, 0.00050, 13693.70, 1175.10, 1
2.48998, 0.00050, 15745.10, 1168.00, 1
2.49098, 0.00050, 14616.80, 1065.30, 1
2.49198, 0.00050, 14136.30, 1072.40, 1
2.49298, 0.00050, 14944.80, 1186.20, 1
2.49398, 0.00050, 14853.90, 1202.40, 1
2.49498, 0.00050, 13966.40, 1178.10, 1
2.49598, 0.00050, 14500.90, 1119.70, 1
2.49688, 0.00045, 14482.80, 1153.70, 1
2.49788, 0.00050, 13987.40, 1260.30, 1
2.49888, 0.00050, 16956.20, 1097.90, 1
2.49988, 0.00050, 16758.10, 1092.10, 1
2.50088, 0.00050, 14132.00, 1174.60, 1
2.50188, 0.00050, 15907.10, 1218.40, 1
2.50288, 0.00050, 15179.40, 1438.70, 1
2.50388, 0.00050, 14474.30, 1396.30, 1
2.50488, 0.00050, 12155.70, 1196.50, 1
2.50588, 0.00050, 13888.40, 1200.20, 1
2.50678, 0.00045, 14717.20, 1171.50, 1
2.50778, 0.00050, 15821.80, 1528.30, 1
2.50878, 0.00050, 14541.30, 1100.00, 1
2.50978, 0.00050, 14854.70, 1187.40, 1
2.51078, 0.00050, 13922.10, 1255.40, 1
2.51179, 0.00050, 15088.10, 1238.90, 1
2.51279, 0.00050, 16690.00, 1253.20, 1
2.51379, 0.00050, 17294.50, 2064.70, 1
2.51479, 0.00050, 17300.50, 1271.60, 1
2.51569, 0.00045, 14171.90, 1264.60, 1
2.51669, 0.00050, 15044.00, 1213.90, 1
2.51769, 0.00050, 14314.90, 1181.20, 1
2.51869, 0.00050, 16489.00, 1370.10, 1
2.51969, 0.00050, 16368.60, 1285.50, 1
2.52069, 0.00050, 15919.40, 1148.60, 1
2.52169, 0.00050, 14701.10, 1321.70, 1
2.52269, 0.00050, 13056.20, 1218.00, 1
2.52369, 0.00050, 15305.70, 1329.00, 1
2.52469, 0.00050, 17993.80, 1302.90, 1
2.52559, 0.00045, 15663.90, 1272.60, 1
2.52659, 0.00050, 14280.20, 1225.70, 1
2.52759, 0.00050, 14802.70, 1255.60, 1
2.52859, 0.00050, 13756.90, 1335.10, 1
2.52959, 0.00050, 14356.80, 1289.60, 1
2.53059, 0.00050, 14873.40, 1138.30, 1
2.53159, 0.00050, 15011.90, 1247.10, 1
2.53259, 0.00050, 12987.20, 1294.10, 1
2.53359, 0.00050, 15194.60, 1269.70, 1
2.53459, 0.00050, 14468.90, 1270.30, 1
2.53549, 0.00045, 16024.90, 1154.50, 1
2.53649, 0.00050, 14363.10, 1223.30, 1
2.53749, 0.00050, 15430.50, 1281.60, 1
2.53849, 0.00050, 13338.00, 1237.70, 1
2.53949, 0.00050, 15171.50, 1366.70, 1
2.54049, 0.00050, 14470.20, 1366.90, 1
2.54149, 0.00050, 14211.70, 1206.50, 1
2.54249, 0.00050, 15918.80, 1386.80, 1
2.54349, 0.00050, 14967.30, 1321.00, 1
2.54449, 0.00050, 15067.30, 1309.40, 1
2.54549, 0.00050, 15842.30, 1270.00, 1
2.54639, 0.00045, 18075.30, 1294.90, 1
2.54739, 0.00050, 15504.10, 1327.50, 1
2.54840, 0.00050, 15506.00, 1411.20, 1
2.54940, 0.00050, 16590.50, 1239.90, 1
2.55040, 0.00050, 16876.70, 1190.50, 1
2.55140, 0.00050, 14572.60, 1385.30, 1
2.55240, 0.00050, 12281.60, 1259.60, 1
2.55340, 0.00050, 16030.30, 1303.40, 1
2.55440, 0.00050, 15611.90, 1231.10, 1
2.55540, 0.00050, 15470.30, 1206.10, 1
2.55640, 0.00050, 14761.00, 1222.00, 1
2.55730, 0.00045, 14658.10, 1207.10, 1
2.55830, 0.00050, 13977.30, 1301.60, 1
2.55930, 0.00050, 14415.40, 1338.10, 1
2.56030, 0.00050, 14445.00, 1270.30, 1
2.56130, 0.00050, 16302.00, 1304.40, 1
2.56230, 0.00050, 17866.10, 1414.20, 1
2.56330, 0.00050, 18057.70, 1241.50, 1
2.56430, 0.00050, 13824.10, 1390.90, 1
2.56530, 0.00050, 16148.60, 1274.80, 1
2.56630, 0.00050, 13793.10, 1424.20, 1
2.56730, 0.00050, 16920.00, 1257.10, 1
2.56830, 0.00050, 13050.80, 1164.00, 1
2.56920, 0.00045, 14685.80, 1267.30, 1
2.57020, 0.00050, 14922.00, 1392.30, 1
2.57120, 0.00050, 16124.70, 1261.10, 1
2.57220, 0.00050, 13407.10, 1289.40, 1
2.57320, 0.00050, 15081.60, 1378.50, 1
2.57420, 0.00050, 14497.00, 1401.30, 1
2.57520, 0.00050, 14550.10, 1251.00, 1
2.57620, 0.00050, 17065.30, 1177.10, 1
2.57720, 0.00050, 15462.10, 1317.90, 1
2.57820, 0.00050, 11975.30, 1459.50, 1
2.57920, 0.00050, 15299.50, 1347.10, 1
2.58020, 0.00050, 13421.40, 1383.00, 1
2.58120, 0.00050, 16768.20, 1400.50, 1
2.58210, 0.00045, 13911.00, 1284.50, 1
2.58310, 0.00050, 14237.50, 1244.00, 1
2.58410, 0.00050, 14489.80, 1409.50, 1
2.58511, 0.00050, 13979.60, 1348.90, 1
2.58611, 0.00050, 16448.20, 1287.70, 1
2.58711, 0.00050, 15903.20, 1364.60, 1
2.58811, 0.00050, 15863.20, 1212.60, 1
2.58911, 0.00050, 14711.30, 1218.80, 1
2.59011, 0.00050, 14747.10, 1297.00, 1
2.59111, 0.00050, 14372.10, 1310.00, 1
2.59211, 0.00050, 15335.00, 1373.60, 1
2.59311, 0.00050, 14411.80, 1354.50, 1
2.59411, 0.00050, 14536.50, 1387.30, 1
2.59501, 0.00045, 15595.40, 1420.80, 1
2.59601, 0.00050, 18004.40, 1466.00, 1
2.59701, 0.00050, 16350.80, 1479.30, 1
2.59801, 0.00050, 16645.10, 1415.10, 1
2.59901, 0.00050, 15035.30, 1422.20, 1
2.60001, 0.00050, 13844.10, 1427.00, 1
2.60101, 0.00050, 14877.90, 2210.20, 1
2.60201, 0.00050, 17705.00, 1369.70, 1
2.60301, 0.00050, 15469.80, 1414.70, 1
2.60401, 0.00050, 15779.90, 1319.80, 1
2.60501, 0.00050, 14001.50, 1489.10, 1
2.60601, 0.00050, 15218.00, 1341.20, 1
2.60701, 0.00050, 16270.80, 1591.00, 1
2.60801, 0.00050, 14271.40, 1269.10, 1
2.60901, 0.00050, 14366.70, 1386.80, 1
2.61001, 0.00050, 13792.70, 1217.60, 1
2.61091, 0.00045, 15070.00, 1322.10, 1
2.61191, 0.00050, 14433.80, 1613.20, 1
2.61291, 0.00050, 15437.10, 1422.20, 1
2.61391, 0.00050, 13574.10, 1395.60, 1
2.61491, 0.00050, 15452.00, 1994.60, 1
2.61591, 0.00050, 15797.00, 1616.20, 1
2.61691, 0.00050, 15621.00, 1363.90, 1
2.61791, 0.00050, 15677.10, 1496.60, 1
2.61891, 0.00050, 16492.50, 1414.80, 1
2.61991, 0.00050, 18412.10, 1381.10, 1
2.62091, 0.00050, 16493.60, 1469.80, 1
2.62192, 0.00050, 14548.00, 1394.80, 1
2.62292, 0.00050, 14505.10, 1419.00, 1
2.62392, 0.00050, 15433.60, 1965.10, 1
2.62492, 0.00050, 14212.60, 1513.80, 1
2.62592, 0.00050, 16170.20, 1448.30, 1
2.62692, 0.00050, 15604.00, 1364.70, 1
2.62792, 0.00050, 13341.50, 1433.40, 1
2.62882, 0.00045, 14733.10, 1701.50, 1
2.62982, 0.00050, 11849.30, 1499.70, 1
2.63082, 0.00050, 15843.80, 1392.00, 1
2.63182, 0.00050, 16137.90, 1430.50, 1
2.63282, 0.00050, 13665.80, 1308.40, 1
2.63382, 0.00050, 15404.20, 1306.20, 1
2.63482, 0.00050, 14343.80, 1313.60, 1
2.63582, 0.00050, 12382.80, 1364.10, 1
2.63682, 0.00050, 13997.50, 1522.90, 1
2.63782, 0.00050, 14154.20, 1449.00, 1
2.63882, 0.00050, 16243.90, 1508.50, 1
2.63982, 0.00050, 15343.40, 1461.20, 1
2.64082, 0.00050, 14004.30, 1427.00, 1
2.64182, 0.00050, 14838.40, 1481.00, 1
2.64282, 0.00050, 15403.00, 1483.30, 1
2.64382, 0.00050, 14042.50, 1486.60, 1
2.64482, 0.00050, 14212.80, 1304.50, 1
2.64582, 0.00050, 15343.60, 1294.20, 1
2.64682, 0.00050, 12033.60, 1354.60, 1
2.64782, 0.00050, 15771.50, 1402.00, 1
2.64882, 0.00050, 14004.80, 1650.50, 1
2.64982, 0.00050, 15614.60, 1382.50, 1
2.65082, 0.00050, 15441.50, 1482.70, 1
2.65172, 0.00045, 15620.30, 1413.00, 1
2.65272, 0.00050, 14367.80, 1534.10, 1
2.65372, 0.00050, 14438.70, 1485.00, 1
2.65472, 0.00050, 17577.30, 1409.40, 1
2.65672, 0.00100, 14565.10, 1407.70, 1
2.65772, 0.00050, 15324.50, 1436.60, 1
2.65873, 0.00050, 14866.00, 1523.00, 1
2.65973, 0.00050, 17055.40, 1486.00, 1
2.66073, 0.00050, 15257.70, 1409.00, 1
2.66173, 0.00050, 13330.10, 1551.30, 1
2.66273, 0.00050, 16603.60, 1692.30, 1
2.66373, 0.00050, 15662.10, 1436.20, 1
2.66473, 0.00050, 13159.70, 1386.10, 1
2.66573, 0.00050, 13906.90, 1478.10, 1
2.66673, 0.00050, 15820.50, 1454.80, 1
2.66773, 0.00050, 13545.90, 1497.80, 1
2.66873, 0.00050, 16151.20, 1435.10, 1
2.66973, 0.00050, 12129.20, 1414.30, 1
2.67073, 0.00050, 15321.80, 1413.60, 1
2.67173, 0.00050, 16021.90, 1491.60, 1
2.67273, 0.00050, 13378.10, 1415.50, 1
2.67373, 0.00050, 14569.40, 1470.90, 1
2.67473, 0.00050, 14808.60, 1470.00, 1
2.67573, 0.00050, 16662.80, 1552.70, 1
2.67673, 0.00050, 16319.70, 1505.10, 1
2.67773, 0.00050, 14171.10, 1383.30, 1
2.67873, 0.00050, 13866.60, 1455.00, 1
2.67973, 0.00050, 13623.00, 1413.40, 1
2.68073, 0.00050, 14632.10, 1613.20, 1
2.68173, 0.00050, 14610.90, 1659.10, 1
2.68273, 0.00050, 12607.90, 1471.00, 1
2.68373, 0.00050, 16499.90, 1403.70, 1
2.68473, 0.00050, 16424.50, 1336.90, 1
2.68573, 0.00050, 12663.30, 1536.10, 1
2.68673, 0.00050, 14486.40, 1560.00, 1
2.68773, 0.00050, 13516.90, 1504.60, 1
2.68873, 0.00050, 14171.20, 2445.40, 1
2.68973, 0.00050, 15297.80, 1570.40, 1
2.69073, 0.00050, 15201.90, 1483.20, 1
2.69173, 0.00050, 15664.90, 1548.60, 1
2.69273, 0.00050, 14921.70, 1399.30, 1
2.69373, 0.00050, 15335.00, 1527.80, 1
2.69474, 0.00050, 16328.70, 1559.60, 1
2.69564, 0.00045, 12041.10, 1439.30, 1
2.69664, 0.00050, 12153.50, 1421.30, 1
2.69764, 0.00050, 13323.60, 1787.70, 1
2.69864, 0.00050, 15544.80, 1681.60, 1
2.69964, 0.00050, 16588.60, 1526.90, 1
2.70064, 0.00050, 16519.00, 1469.90, 1
2.70164, 0.00050, 17940.80, 1365.00, 1
2.70264, 0.00050, 17080.00, 1579.90, 1
2.70364, 0.00050, 13683.10, 1365.20, 1
2.70464, 0.00050, 15669.20, 1629.30, 1
2.70564, 0.00050, 16764.20, 1573.80, 1
2.70664, 0.00050, 10183.60, 2869.40, 1
2.70764, 0.00050, 15879.10, 1597.10, 1
2.70864, 0.00050, 15658.30, 1493.10, 1
2.70964, 0.00050, 14614.80, 1513.20, 1
2.71064, 0.00050, 15671.10, 1487.50, 1
2.71164, 0.00050, 14108.70, 1603.60, 1
2.71264, 0.00050, 13218.20, 1424.30, 1
2.71364, 0.00050, 15711.90, 1595.70, 1
2.71464, 0.00050, 13474.40, 1582.10, 1
2.71564, 0.00050, 16108.70, 1466.80, 1
2.71664, 0.00050, 15771.00, 1612.70, 1
2.71774, 0.00055, 16995.30, 1683.60, 1
2.71874, 0.00050, 14240.10, 1785.50, 1
2.71974, 0.00050, 14337.60, 1493.60, 1
2.72074, 0.00050, 14539.90, 1552.60, 1
2.72174, 0.00050, 15137.50, 1730.60, 1
2.72274, 0.00050, 14848.50, 1975.90, 1
2.72374, 0.00050, 16862.70, 1562.70, 1
2.72474, 0.00050, 13639.10, 1573.70, 1
2.72574, 0.00050, 16887.80, 1617.40, 1
2.72674, 0.00050, 13776.50, 1697.90, 1
2.72774, 0.00050, 16161.70, 1501.70, 1
2.72874, 0.00050, 13730.40, 1846.20, 1
2.72974, 0.00050, 14153.90, 1540.50, 1
2.73074, 0.00050, 15552.00, 1650.90, 1
2.73175, 0.00050, 16886.70, 1705.60, 1
2.73275, 0.00050, 13709.60, 1895.80, 1
2.73375, 0.00050, 16261.50, 1630.00, 1
2.73475, 0.00050, 17282.90, 1650.40, 1
2.73575, 0.00050, 17280.30, 1774.90, 1
2.73675, 0.00050, 15647.30, 1817.40, 1
2.73775, 0.00050, 13985.00, 1567.60, 1
2.73875, 0.00050, 14405.90, 1624.70, 1
2.73975, 0.00050, 12851.40, 1844.70, 1
2.74075, 0.00050, 14120.70, 1630.70, 1
2.74175, 0.00050, 15528.50, 1629.90, 1
2.74275, 0.00050, 16905.70, 1787.70, 1
2.74375, 0.00050, 17726.20, 1736.90, 1
2.74475, 0.00050, 14625.40, 1684.60, 1
2.74575, 0.00050, 12711.60, 1690.60, 1
2.74675, 0.00050, 15858.50, 1530.20, 1
2.74775, 0.00050, 13059.70, 1660.20, 1
2.74875, 0.00050, 15548.00, 1665.50, 1
2.74975, 0.00050, 12372.10, 1714.50, 1
2.75075, 0.00050, 17151.70, 1718.30, 1
2.75175, 0.00050, 14399.50, 1691.80, 1
2.75275, 0.00050, 15422.30, 1594.10, 1
2.75375, 0.00050, 16616.00, 1543.40, 1
2.75475, 0.00050, 13176.80, 1624.40, 1
2.75575, 0.00050, 10945.30, 1826.50, 1
2.75675, 0.00050, 15927.30, 1563.80, 1
2.75775, 0.00050, 11638.70, 1644.40, 1
2.75885, 0.00055, 17333.40, 1673.90, 1
2.75985, 0.00050, 14458.10, 2326.50, 1
2.76085, 0.00050, 14858.30, 1617.40, 1
2.76185, 0.00050, 12443.20, 1591.60, 1
2.76285, 0.00050, 15193.10, 1731.70, 1
2.76385, 0.00050, 14774.20, 1612.80, 1
2.76485, 0.00050, 15951.50, 1661.30, 1
2.76585, 0.00050, 15444.70, 1867.90, 1
2.76685, 0.00050, 16159.10, 1717.80, 1
2.76785, 0.00050, 15286.70, 1673.80, 1
2.76886, 0.00050, 16836.60, 1791.10, 1
2.76986, 0.00050, 15267.50, 1796.00, 1
2.77086, 0.00050, 14333.30, 1632.80, 1
2.77186, 0.00050, 15347.10, 1665.60, 1
2.77286, 0.00050, 12281.00, 1653.60, 1
2.77386, 0.00050, 15816.40, 1655.70, 1
2.77486, 0.00050, 14380.80, 1751.10, 1
2.77586, 0.00050, 14707.70, 1643.40, 1
2.77686, 0.00050, 17649.30, 1833.00, 1
2.77786, 0.00050, 13946.90, 1746.00, 1
2.77886, 0.00050, 13457.40, 1672.00, 1
2.77996, 0.00055, 13476.80, 1598.50, 1
2.78096, 0.00050, 14338.50, 1869.00, 1
2.78196, 0.00050, 13231.10, 1731.80, 1
2.78296, 0.00050, 17141.50, 1698.70, 1
2.78396, 0.00050, 14022.30, 1705.50, 1
2.78496, 0.00050, 15333.90, 1851.70, 1
2.78596, 0.00050, 15114.80, 1692.50, 1
2.78696, 0.00050, 14286.20, 1690.70, 1
2.78796, 0.00050, 14001.30, 1737.30, 1
2.78896, 0.00050, 13405.80, 1787.30, 1
2.78996, 0.00050, 17069.50, 1758.70, 1
2.79096, 0.00050, 16356.20, 1722.30, 1
2.79196, 0.00050, 16044.90, 1835.10, 1
2.79296, 0.00050, 18013.00, 1722.20, 1
2.79396, 0.00050, 16042.20, 1733.90, 1
2.79506, 0.00055, 12340.00, 1665.60, 1
2.79606, 0.00050, 12805.90, 1680.30, 1
2.79706, 0.00050, 12730.40, 1741.50, 1
2.79806, 0.00050, 13433.60, 1794.50, 1
2.79906, 0.00050, 15497.80, 1857.80, 1
2.80006, 0.00050, 12317.10, 1720.30, 1
2.80106, 0.00050, 18129.10, 1783.40, 1
2.80206, 0.00050, 15041.90, 1794.90, 1
2.80306, 0.00050, 16588.20, 1879.40, 1
2.80406, 0.00050, 12869.70, 1763.20, 1
2.80507, 0.00050, 16849.90, 1770.30, 1
2.80607, 0.00050, 16668.20, 1846.30, 1
2.80707, 0.00050, 16147.60, 1819.30, 1
2.80817, 0.00055, 17457.80, 1869.40, 1
2.80917, 0.00050, 15264.50, 1775.10, 1
2.81017, 0.00050, 13940.70, 2752.90, 1
2.81117, 0.00050, 16745.80, 1708.50, 1
2.81217, 0.00050, 16102.30, 2074.70, 1
2.81317, 0.00050, 15780.50, 1860.30, 1
2.81417, 0.00050, 16364.00, 1935.60, 1
2.81517, 0.00050, 16763.00, 1770.10, 1
2.81617, 0.00050, 15184.40, 2086.80, 1
2.81717, 0.00050, 11294.70, 1770.20, 1
2.81817, 0.00050, 18969.20, 1849.80, 1
2.81927, 0.00055, 15392.10, 1810.50, 1
2.82027, 0.00050, 18625.60, 1804.60, 1
2.82127, 0.00050, 15828.50, 1913.00, 1
2.82227, 0.00050, 17585.60, 1783.10, 1
2.82327, 0.00050, 14266.60, 2158.20, 1
2.82427, 0.00050, 18410.90, 1820.80, 1
2.82527, 0.00050, 13362.30, 1759.40, 1
2.82627, 0.00050, 16455.90, 1873.30, 1
2.82727, 0.00050, 12241.40, 1835.60, 1
2.82827, 0.00050, 18318.20, 1740.70, 1
2.82937, 0.00055, 15648.00, 1748.70, 1
2.83037, 0.00050, 12345.30, 1655.80, 1
